"v","k","knn","lcl","cc","bc","kcore","Freq","dynamics","N","M"
1,7,74.5714285714286,0.714285714285714,0.416206261510129,0.000761198258263847,6,2,"doublewell",453,2025
1,7,74.5714285714286,0.714285714285714,0.416206261510129,0.000761198258263847,6,2,"mutualistic",453,2025
1,7,74.5714285714286,0.714285714285714,0.416206261510129,0.000761198258263847,6,1,"genereg",453,2025
1,7,74.5714285714286,0.714285714285714,0.416206261510129,0.000761198258263847,6,4,"SIS",453,2025
2,3,117.333333333333,1,0.412408759124088,0,3,1,"genereg",453,2025
2,3,117.333333333333,1,0.412408759124088,0,3,2,"SIS",453,2025
2,3,117.333333333333,1,0.412408759124088,0,3,3,"mutualistic",453,2025
3,6,65.8333333333333,0.533333333333333,0.418131359851989,0.000263749006447626,5,1,"genereg",453,2025
3,6,65.8333333333333,0.533333333333333,0.418131359851989,0.000263749006447626,5,1,"mutualistic",453,2025
4,6,45.6666666666667,0.4,0.365991902834008,0.0009566808582052,5,1,"doublewell",453,2025
4,6,45.6666666666667,0.4,0.365991902834008,0.0009566808582052,5,1,"genereg",453,2025
5,2,119.5,1,0.396143733567046,0,2,6,"genereg",453,2025
5,2,119.5,1,0.396143733567046,0,2,1,"mutualistic",453,2025
5,2,119.5,1,0.396143733567046,0,2,1,"SIS",453,2025
6,23,20.9130434782609,0.177865612648221,0.400709219858156,0.00913494317351031,7,21,"genereg",453,2025
6,23,20.9130434782609,0.177865612648221,0.400709219858156,0.00913494317351031,7,7,"doublewell",453,2025
6,23,20.9130434782609,0.177865612648221,0.400709219858156,0.00913494317351031,7,1,"mutualistic",453,2025
7,10,45.8,0.4,0.39066551426102,0.000942181366166571,7,2,"mutualistic",453,2025
7,10,45.8,0.4,0.39066551426102,0.000942181366166571,7,2,"SIS",453,2025
8,4,7,0.833333333333333,0.244986449864499,3.27034646050403e-06,3,7,"doublewell",453,2025
9,4,10.25,0.833333333333333,0.318534178999295,3.27034646050403e-06,4,2,"SIS",453,2025
10,7,23.2857142857143,0.476190476190476,0.357878068091845,3.02818509164289e-05,6,1,"doublewell",453,2025
10,7,23.2857142857143,0.476190476190476,0.357878068091845,3.02818509164289e-05,6,1,"mutualistic",453,2025
10,7,23.2857142857143,0.476190476190476,0.357878068091845,3.02818509164289e-05,6,1,"SIS",453,2025
11,5,29.2,0.6,0.355905511811024,8.99345276638607e-06,5,5,"doublewell",453,2025
11,5,29.2,0.6,0.355905511811024,8.99345276638607e-06,5,1,"mutualistic",453,2025
11,5,29.2,0.6,0.355905511811024,8.99345276638607e-06,5,2,"genereg",453,2025
12,4,10.75,0.833333333333333,0.320113314447592,1.48032728041754e-05,4,1,"mutualistic",453,2025
12,4,10.75,0.833333333333333,0.320113314447592,1.48032728041754e-05,4,1,"genereg",453,2025
12,4,10.75,0.833333333333333,0.320113314447592,1.48032728041754e-05,4,2,"SIS",453,2025
13,7,68.2857142857143,0.714285714285714,0.42203548085901,0.000231705039473042,6,3,"mutualistic",453,2025
13,7,68.2857142857143,0.714285714285714,0.42203548085901,0.000231705039473042,6,1,"doublewell",453,2025
13,7,68.2857142857143,0.714285714285714,0.42203548085901,0.000231705039473042,6,2,"genereg",453,2025
13,7,68.2857142857143,0.714285714285714,0.42203548085901,0.000231705039473042,6,1,"SIS",453,2025
14,7,63.7142857142857,0.809523809523809,0.389655172413793,2.57727494253398e-05,7,4,"mutualistic",453,2025
14,7,63.7142857142857,0.809523809523809,0.389655172413793,2.57727494253398e-05,7,1,"SIS",453,2025
16,4,10.25,0.833333333333333,0.318534178999295,3.27034646050403e-06,4,3,"genereg",453,2025
16,4,10.25,0.833333333333333,0.318534178999295,3.27034646050403e-06,4,2,"SIS",453,2025
17,4,10.75,0.833333333333333,0.321250888415067,3.98212774896667e-05,4,2,"genereg",453,2025
17,4,10.75,0.833333333333333,0.321250888415067,3.98212774896667e-05,4,1,"mutualistic",453,2025
18,6,10.3333333333333,0.4,0.324246771879483,0.00586966000484078,4,1,"genereg",453,2025
18,6,10.3333333333333,0.4,0.324246771879483,0.00586966000484078,4,1,"doublewell",453,2025
18,6,10.3333333333333,0.4,0.324246771879483,0.00586966000484078,4,18,"mutualistic",453,2025
19,4,7.75,0.833333333333333,0.25139043381535,6.21295878030298e-05,3,1,"genereg",453,2025
23,5,6.8,0.6,0.245119305856833,1.96220787630242e-05,3,1,"doublewell",453,2025
24,5,79.6,0.6,0.409420289855072,0.000330448748540215,5,2,"mutualistic",453,2025
24,5,79.6,0.6,0.409420289855072,0.000330448748540215,5,1,"genereg",453,2025
24,5,79.6,0.6,0.409420289855072,0.000330448748540215,5,2,"SIS",453,2025
25,5,79.6,0.6,0.409420289855072,0.000330686591919161,5,1,"genereg",453,2025
25,5,79.6,0.6,0.409420289855072,0.000330686591919161,5,2,"doublewell",453,2025
25,5,79.6,0.6,0.409420289855072,0.000330686591919161,5,1,"SIS",453,2025
25,5,79.6,0.6,0.409420289855072,0.000330686591919161,5,2,"mutualistic",453,2025
26,5,79.6,0.6,0.409420289855072,0.000330448748540215,5,1,"SIS",453,2025
26,5,79.6,0.6,0.409420289855072,0.000330448748540215,5,5,"doublewell",453,2025
26,5,79.6,0.6,0.409420289855072,0.000330448748540215,5,4,"mutualistic",453,2025
27,7,75.1428571428571,0.523809523809524,0.416974169741697,0.000226766438942735,7,1,"doublewell",453,2025
27,7,75.1428571428571,0.523809523809524,0.416974169741697,0.000226766438942735,7,1,"SIS",453,2025
27,7,75.1428571428571,0.523809523809524,0.416974169741697,0.000226766438942735,7,1,"genereg",453,2025
27,7,75.1428571428571,0.523809523809524,0.416974169741697,0.000226766438942735,7,1,"mutualistic",453,2025
28,7,73.7142857142857,0.523809523809524,0.416206261510129,0.000367330455979849,5,4,"doublewell",453,2025
28,7,73.7142857142857,0.523809523809524,0.416206261510129,0.000367330455979849,5,1,"SIS",453,2025
28,7,73.7142857142857,0.523809523809524,0.416206261510129,0.000367330455979849,5,1,"mutualistic",453,2025
29,5,79,0.6,0.409049773755656,0.000385735817363433,4,6,"doublewell",453,2025
29,5,79,0.6,0.409049773755656,0.000385735817363433,4,6,"genereg",453,2025
29,5,79,0.6,0.409049773755656,0.000385735817363433,4,1,"mutualistic",453,2025
29,5,79,0.6,0.409049773755656,0.000385735817363433,4,1,"SIS",453,2025
30,5,45,0.6,0.355625491738788,0.000134089397912025,4,4,"doublewell",453,2025
30,5,45,0.6,0.355625491738788,0.000134089397912025,4,1,"mutualistic",453,2025
30,5,45,0.6,0.355625491738788,0.000134089397912025,4,2,"genereg",453,2025
30,5,45,0.6,0.355625491738788,0.000134089397912025,4,1,"SIS",453,2025
31,5,69.8,0.6,0.408310749774164,0.000353004371937355,5,2,"doublewell",453,2025
32,5,69.4,0.7,0.409420289855072,9.43019321548842e-05,4,1,"genereg",453,2025
32,5,69.4,0.7,0.409420289855072,9.43019321548842e-05,4,2,"mutualistic",453,2025
32,5,69.4,0.7,0.409420289855072,9.43019321548842e-05,4,4,"doublewell",453,2025
32,5,69.4,0.7,0.409420289855072,9.43019321548842e-05,4,1,"SIS",453,2025
33,6,69,0.8,0.391003460207612,0.000168754211542959,5,2,"SIS",453,2025
34,4,63.75,0.5,0.398940864960282,0.00882993544336087,3,2,"doublewell",453,2025
34,4,63.75,0.5,0.398940864960282,0.00882993544336087,3,5,"mutualistic",453,2025
34,4,63.75,0.5,0.398940864960282,0.00882993544336087,3,2,"genereg",453,2025
34,4,63.75,0.5,0.398940864960282,0.00882993544336087,3,1,"SIS",453,2025
36,6,59.3333333333333,0.4,0.375103734439834,0.000473465158390952,5,3,"SIS",453,2025
36,6,59.3333333333333,0.4,0.375103734439834,0.000473465158390952,5,2,"mutualistic",453,2025
37,4,59.75,0.833333333333333,0.360159362549801,3.84746642412238e-06,4,3,"doublewell",453,2025
37,4,59.75,0.833333333333333,0.360159362549801,3.84746642412238e-06,4,5,"SIS",453,2025
38,4,29,0.5,0.342683851402578,0.000132788539306525,4,1,"doublewell",453,2025
38,4,29,0.5,0.342683851402578,0.000132788539306525,4,2,"mutualistic",453,2025
39,7,53.7142857142857,0.523809523809524,0.369582992641047,0.000189978801952524,7,2,"mutualistic",453,2025
39,7,53.7142857142857,0.523809523809524,0.369582992641047,0.000189978801952524,7,1,"genereg",453,2025
40,5,61.8,0.7,0.402135231316726,4.06772346709164e-05,4,1,"mutualistic",453,2025
40,5,61.8,0.7,0.402135231316726,4.06772346709164e-05,4,1,"SIS",453,2025
40,5,61.8,0.7,0.402135231316726,4.06772346709164e-05,4,4,"doublewell",453,2025
40,5,61.8,0.7,0.402135231316726,4.06772346709164e-05,4,1,"genereg",453,2025
41,5,79.6,0.6,0.409049773755656,0.000328207970511945,5,1,"mutualistic",453,2025
41,5,79.6,0.6,0.409049773755656,0.000328207970511945,5,1,"genereg",453,2025
41,5,79.6,0.6,0.409049773755656,0.000328207970511945,5,1,"SIS",453,2025
41,5,79.6,0.6,0.409049773755656,0.000328207970511945,5,3,"doublewell",453,2025
42,6,75.6666666666667,0.733333333333333,0.41735918744229,0.000263242270832605,5,1,"mutualistic",453,2025
42,6,75.6666666666667,0.733333333333333,0.41735918744229,0.000263242270832605,5,1,"genereg",453,2025
43,4,76.25,0.666666666666667,0.407942238267148,2.82956844579983e-05,4,3,"mutualistic",453,2025
43,4,76.25,0.666666666666667,0.407942238267148,2.82956844579983e-05,4,3,"genereg",453,2025
43,4,76.25,0.666666666666667,0.407942238267148,2.82956844579983e-05,4,1,"doublewell",453,2025
43,4,76.25,0.666666666666667,0.407942238267148,2.82956844579983e-05,4,2,"SIS",453,2025
44,6,46.5,0.4,0.344249809596344,0.000327005102535528,5,3,"genereg",453,2025
44,6,46.5,0.4,0.344249809596344,0.000327005102535528,5,2,"mutualistic",453,2025
44,6,46.5,0.4,0.344249809596344,0.000327005102535528,5,2,"SIS",453,2025
45,7,65.8571428571429,0.523809523809524,0.418518518518519,0.000457512131929595,6,1,"genereg",453,2025
45,7,65.8571428571429,0.523809523809524,0.418518518518519,0.000457512131929595,6,2,"SIS",453,2025
46,5,79.6,0.6,0.409420289855072,0.000330448748540215,5,3,"SIS",453,2025
46,5,79.6,0.6,0.409420289855072,0.000330448748540215,5,3,"mutualistic",453,2025
47,5,79.6,0.6,0.409420289855072,0.000330448748540215,5,3,"mutualistic",453,2025
47,5,79.6,0.6,0.409420289855072,0.000330448748540215,5,3,"SIS",453,2025
48,5,79.6,0.6,0.409420289855072,0.000330141101127574,5,3,"doublewell",453,2025
48,5,79.6,0.6,0.409420289855072,0.000330141101127574,5,1,"mutualistic",453,2025
48,5,79.6,0.6,0.409420289855072,0.000330141101127574,5,1,"genereg",453,2025
48,5,79.6,0.6,0.409420289855072,0.000330141101127574,5,2,"SIS",453,2025
49,6,48.1666666666667,0.866666666666667,0.366585563665856,3.14412012604819e-05,5,2,"genereg",453,2025
49,6,48.1666666666667,0.866666666666667,0.366585563665856,3.14412012604819e-05,5,2,"SIS",453,2025
49,6,48.1666666666667,0.866666666666667,0.366585563665856,3.14412012604819e-05,5,2,"mutualistic",453,2025
50,5,79.6,0.6,0.409049773755656,0.000289152045981352,5,2,"SIS",453,2025
50,5,79.6,0.6,0.409049773755656,0.000289152045981352,5,5,"mutualistic",453,2025
50,5,79.6,0.6,0.409049773755656,0.000289152045981352,5,3,"doublewell",453,2025
51,4,61.75,0.833333333333333,0.396839332748025,3.27034646050403e-06,3,3,"doublewell",453,2025
51,4,61.75,0.833333333333333,0.396839332748025,3.27034646050403e-06,3,2,"genereg",453,2025
52,5,51.4,0.9,0.397188049209139,2.45275984537802e-06,4,5,"doublewell",453,2025
52,5,51.4,0.9,0.397188049209139,2.45275984537802e-06,4,3,"SIS",453,2025
53,6,52.6666666666667,0.6,0.368979591836735,0.000242598203469711,5,1,"doublewell",453,2025
53,6,52.6666666666667,0.6,0.368979591836735,0.000242598203469711,5,1,"mutualistic",453,2025
53,6,52.6666666666667,0.6,0.368979591836735,0.000242598203469711,5,2,"genereg",453,2025
54,3,77.6666666666667,1,0.356466876971609,0,3,3,"SIS",453,2025
54,3,77.6666666666667,1,0.356466876971609,0,3,1,"mutualistic",453,2025
55,3,28.6666666666667,1,0.338323353293413,0,3,2,"genereg",453,2025
56,5,17.4,0.4,0.338576779026217,0.0175813825716696,3,7,"doublewell",453,2025
56,5,17.4,0.4,0.338576779026217,0.0175813825716696,3,2,"mutualistic",453,2025
57,4,77.75,0.5,0.412032816773017,0.000700640461178417,4,1,"mutualistic",453,2025
57,4,77.75,0.5,0.412032816773017,0.000700640461178417,4,6,"SIS",453,2025
58,7,62.4285714285714,0.809523809523809,0.39066551426102,7.04559225906912e-05,6,5,"doublewell",453,2025
58,7,62.4285714285714,0.809523809523809,0.39066551426102,7.04559225906912e-05,6,2,"genereg",453,2025
58,7,62.4285714285714,0.809523809523809,0.39066551426102,7.04559225906912e-05,6,2,"SIS",453,2025
59,6,69.1666666666667,0.866666666666667,0.389655172413793,2.2195337643639e-05,6,1,"doublewell",453,2025
59,6,69.1666666666667,0.866666666666667,0.389655172413793,2.2195337643639e-05,6,4,"SIS",453,2025
59,6,69.1666666666667,0.866666666666667,0.389655172413793,2.2195337643639e-05,6,1,"genereg",453,2025
59,6,69.1666666666667,0.866666666666667,0.389655172413793,2.2195337643639e-05,6,1,"mutualistic",453,2025
60,7,55.7142857142857,0.571428571428571,0.37951301427372,0.000309572077154443,6,5,"doublewell",453,2025
60,7,55.7142857142857,0.571428571428571,0.37951301427372,0.000309572077154443,6,1,"SIS",453,2025
60,7,55.7142857142857,0.571428571428571,0.37951301427372,0.000309572077154443,6,1,"mutualistic",453,2025
61,6,59.5,0.533333333333333,0.418518518518519,0.000584535747535473,5,1,"SIS",453,2025
61,6,59.5,0.533333333333333,0.418518518518519,0.000584535747535473,5,2,"doublewell",453,2025
62,10,46,0.6,0.387317909168809,0.000520497519549413,7,2,"SIS",453,2025
63,6,69.1666666666667,0.933333333333333,0.383701188455009,3.24011636717164e-06,5,1,"mutualistic",453,2025
63,6,69.1666666666667,0.933333333333333,0.383701188455009,3.24011636717164e-06,5,1,"SIS",453,2025
64,5,79.8,0.8,0.409049773755656,0.000488537985399998,4,2,"genereg",453,2025
64,5,79.8,0.8,0.409049773755656,0.000488537985399998,4,1,"mutualistic",453,2025
64,5,79.8,0.8,0.409049773755656,0.000488537985399998,4,3,"SIS",453,2025
64,5,79.8,0.8,0.409049773755656,0.000488537985399998,4,4,"doublewell",453,2025
65,3,51.6666666666667,1,0.327773749093546,0,3,1,"doublewell",453,2025
65,3,51.6666666666667,1,0.327773749093546,0,3,1,"SIS",453,2025
65,3,51.6666666666667,1,0.327773749093546,0,3,4,"mutualistic",453,2025
66,4,89.75,0.5,0.413162705667276,0.000147225875441821,3,2,"mutualistic",453,2025
66,4,89.75,0.5,0.413162705667276,0.000147225875441821,3,2,"genereg",453,2025
66,4,89.75,0.5,0.413162705667276,0.000147225875441821,3,7,"SIS",453,2025
67,3,116.666666666667,1,0.412408759124088,0,3,3,"doublewell",453,2025
67,3,116.666666666667,1,0.412408759124088,0,3,2,"SIS",453,2025
68,10,52.5,0.333333333333333,0.392701998262381,0.00102998325915143,7,4,"mutualistic",453,2025
68,10,52.5,0.333333333333333,0.392701998262381,0.00102998325915143,7,3,"SIS",453,2025
68,10,52.5,0.333333333333333,0.392701998262381,0.00102998325915143,7,2,"genereg",453,2025
69,5,51.4,0.9,0.397188049209139,2.45275984537802e-06,4,2,"SIS",453,2025
69,5,51.4,0.9,0.397188049209139,2.45275984537802e-06,4,6,"doublewell",453,2025
70,8,84.875,0.857142857142857,0.434197886647454,0.000179334046845695,7,2,"SIS",453,2025
70,8,84.875,0.857142857142857,0.434197886647454,0.000179334046845695,7,5,"mutualistic",453,2025
70,8,84.875,0.857142857142857,0.434197886647454,0.000179334046845695,7,1,"genereg",453,2025
71,5,52,0.8,0.397188049209139,6.54069292100805e-06,4,2,"genereg",453,2025
71,5,52,0.8,0.397188049209139,6.54069292100805e-06,4,2,"SIS",453,2025
71,5,52,0.8,0.397188049209139,6.54069292100805e-06,4,2,"doublewell",453,2025
72,3,81.6666666666667,1,0.396491228070175,0,3,1,"genereg",453,2025
72,3,81.6666666666667,1,0.396491228070175,0,3,3,"SIS",453,2025
72,3,81.6666666666667,1,0.396491228070175,0,3,3,"doublewell",453,2025
73,6,40,0.6,0.366585563665856,0.000276894129217546,4,2,"SIS",453,2025
73,6,40,0.6,0.366585563665856,0.000276894129217546,4,3,"doublewell",453,2025
74,7,22.1428571428571,0.428571428571429,0.357878068091845,7.30439314559166e-05,5,1,"genereg",453,2025
75,5,69.8,0.7,0.409791477787851,4.79580339781685e-05,4,1,"SIS",453,2025
75,5,69.8,0.7,0.409791477787851,4.79580339781685e-05,4,2,"mutualistic",453,2025
75,5,69.8,0.7,0.409791477787851,4.79580339781685e-05,4,1,"genereg",453,2025
75,5,69.8,0.7,0.409791477787851,4.79580339781685e-05,4,3,"doublewell",453,2025
76,3,82.3333333333333,0.666666666666667,0.396839332748025,5.99563517759071e-06,3,3,"SIS",453,2025
76,3,82.3333333333333,0.666666666666667,0.396839332748025,5.99563517759071e-06,3,1,"doublewell",453,2025
76,3,82.3333333333333,0.666666666666667,0.396839332748025,5.99563517759071e-06,3,2,"genereg",453,2025
77,6,43.3333333333333,0.666666666666667,0.350931677018634,4.914822971663e-05,5,2,"mutualistic",453,2025
77,6,43.3333333333333,0.666666666666667,0.350931677018634,4.914822971663e-05,5,1,"SIS",453,2025
78,6,23.3333333333333,0.4,0.336559940431869,0.000144173017009827,5,3,"doublewell",453,2025
78,6,23.3333333333333,0.4,0.336559940431869,0.000144173017009827,5,1,"SIS",453,2025
78,6,23.3333333333333,0.4,0.336559940431869,0.000144173017009827,5,3,"mutualistic",453,2025
79,5,62.2,0.6,0.40321141837645,0.000426579493444668,5,4,"doublewell",453,2025
79,5,62.2,0.6,0.40321141837645,0.000426579493444668,5,1,"SIS",453,2025
80,8,52,0.607142857142857,0.41016333938294,0.00134518682468355,7,1,"mutualistic",453,2025
80,8,52,0.607142857142857,0.41016333938294,0.00134518682468355,7,3,"genereg",453,2025
81,8,52.625,0.75,0.41016333938294,7.1684769483032e-05,7,4,"genereg",453,2025
81,8,52.625,0.75,0.41016333938294,7.1684769483032e-05,7,1,"doublewell",453,2025
82,8,52.5,0.678571428571429,0.410535876475931,8.72889940231512e-05,7,2,"doublewell",453,2025
82,8,52.5,0.678571428571429,0.410535876475931,8.72889940231512e-05,7,1,"SIS",453,2025
83,8,52.625,0.75,0.41016333938294,7.1684769483032e-05,7,1,"genereg",453,2025
83,8,52.625,0.75,0.41016333938294,7.1684769483032e-05,7,3,"doublewell",453,2025
83,8,52.625,0.75,0.41016333938294,7.1684769483032e-05,7,1,"SIS",453,2025
84,8,52.625,0.75,0.41016333938294,7.1684769483032e-05,7,1,"genereg",453,2025
84,8,52.625,0.75,0.41016333938294,7.1684769483032e-05,7,5,"doublewell",453,2025
85,7,65.7142857142857,0.714285714285714,0.422429906542056,0.000571333853252611,6,2,"doublewell",453,2025
85,7,65.7142857142857,0.714285714285714,0.422429906542056,0.000571333853252611,6,3,"mutualistic",453,2025
85,7,65.7142857142857,0.714285714285714,0.422429906542056,0.000571333853252611,6,1,"SIS",453,2025
86,6,32.5,0.533333333333333,0.336059479553903,0.000659566497302973,4,1,"mutualistic",453,2025
86,6,32.5,0.533333333333333,0.336059479553903,0.000659566497302973,4,3,"genereg",453,2025
87,5,45,0.6,0.355625491738788,0.000131884006423347,4,1,"genereg",453,2025
87,5,45,0.6,0.355625491738788,0.000131884006423347,4,3,"doublewell",453,2025
87,5,45,0.6,0.355625491738788,0.000131884006423347,4,2,"SIS",453,2025
88,9,49.1111111111111,0.5,0.42046511627907,0.000653171339333239,6,3,"mutualistic",453,2025
88,9,49.1111111111111,0.5,0.42046511627907,0.000653171339333239,6,1,"genereg",453,2025
89,35,26.4857142857143,0.19327731092437,0.450648055832503,0.0188637699348972,10,1,"SIS",453,2025
89,35,26.4857142857143,0.19327731092437,0.450648055832503,0.0188637699348972,10,12,"genereg",453,2025
90,6,29.3333333333333,0.466666666666667,0.354788069073783,0.000211289701665815,4,3,"genereg",453,2025
90,6,29.3333333333333,0.466666666666667,0.354788069073783,0.000211289701665815,4,1,"SIS",453,2025
90,6,29.3333333333333,0.466666666666667,0.354788069073783,0.000211289701665815,4,3,"doublewell",453,2025
90,6,29.3333333333333,0.466666666666667,0.354788069073783,0.000211289701665815,4,2,"mutualistic",453,2025
91,3,85.6666666666667,0.333333333333333,0.398589065255732,0.000115268824240783,3,1,"mutualistic",453,2025
91,3,85.6666666666667,0.333333333333333,0.398589065255732,0.000115268824240783,3,3,"SIS",453,2025
91,3,85.6666666666667,0.333333333333333,0.398589065255732,0.000115268824240783,3,2,"doublewell",453,2025
92,4,126.75,1,0.427221172022684,0,4,4,"genereg",453,2025
92,4,126.75,1,0.427221172022684,0,4,3,"SIS",453,2025
93,7,37.2857142857143,0.428571428571429,0.359015091342335,0.00157245212623483,5,1,"SIS",453,2025
93,7,37.2857142857143,0.428571428571429,0.359015091342335,0.00157245212623483,5,1,"mutualistic",453,2025
93,7,37.2857142857143,0.428571428571429,0.359015091342335,0.00157245212623483,5,3,"doublewell",453,2025
94,6,63.6666666666667,0.466666666666667,0.415441176470588,0.000747629449277634,5,2,"genereg",453,2025
94,6,63.6666666666667,0.466666666666667,0.415441176470588,0.000747629449277634,5,3,"SIS",453,2025
94,6,63.6666666666667,0.466666666666667,0.415441176470588,0.000747629449277634,5,2,"mutualistic",453,2025
94,6,63.6666666666667,0.466666666666667,0.415441176470588,0.000747629449277634,5,1,"doublewell",453,2025
95,3,117.333333333333,1,0.412785388127854,0,3,2,"SIS",453,2025
95,3,117.333333333333,1,0.412785388127854,0,3,3,"mutualistic",453,2025
95,3,117.333333333333,1,0.412785388127854,0,3,1,"genereg",453,2025
96,7,40.1428571428571,0.523809523809524,0.369281045751634,0.000315298302012616,6,2,"doublewell",453,2025
96,7,40.1428571428571,0.523809523809524,0.369281045751634,0.000315298302012616,6,2,"mutualistic",453,2025
97,4,89,0.666666666666667,0.412785388127854,4.46140008433396e-05,4,1,"doublewell",453,2025
97,4,89,0.666666666666667,0.412785388127854,4.46140008433396e-05,4,4,"SIS",453,2025
97,4,89,0.666666666666667,0.412785388127854,4.46140008433396e-05,4,1,"genereg",453,2025
98,5,73,0.6,0.406474820143885,0.000249784855327929,4,2,"mutualistic",453,2025
98,5,73,0.6,0.406474820143885,0.000249784855327929,4,1,"SIS",453,2025
99,6,38.6666666666667,0.4,0.34984520123839,0.000179085304346685,6,2,"mutualistic",453,2025
99,6,38.6666666666667,0.4,0.34984520123839,0.000179085304346685,6,3,"doublewell",453,2025
99,6,38.6666666666667,0.4,0.34984520123839,0.000179085304346685,6,2,"genereg",453,2025
100,5,79.4,0.6,0.409049773755656,0.00034078405482361,4,2,"SIS",453,2025
100,5,79.4,0.6,0.409049773755656,0.00034078405482361,4,5,"doublewell",453,2025
100,5,79.4,0.6,0.409049773755656,0.00034078405482361,4,3,"genereg",453,2025
100,5,79.4,0.6,0.409049773755656,0.00034078405482361,4,2,"mutualistic",453,2025
101,5,28.4,0.4,0.359586316626889,0.000495717806462794,4,1,"mutualistic",453,2025
101,5,28.4,0.4,0.359586316626889,0.000495717806462794,4,4,"genereg",453,2025
101,5,28.4,0.4,0.359586316626889,0.000495717806462794,4,2,"SIS",453,2025
102,6,42.3333333333333,0.533333333333333,0.351204351204351,0.000204494779418153,5,3,"mutualistic",453,2025
102,6,42.3333333333333,0.533333333333333,0.351204351204351,0.000204494779418153,5,1,"genereg",453,2025
103,6,42.3333333333333,0.533333333333333,0.351204351204351,0.000202124336246774,5,2,"doublewell",453,2025
103,6,42.3333333333333,0.533333333333333,0.351204351204351,0.000202124336246774,5,1,"mutualistic",453,2025
103,6,42.3333333333333,0.533333333333333,0.351204351204351,0.000202124336246774,5,1,"genereg",453,2025
103,6,42.3333333333333,0.533333333333333,0.351204351204351,0.000202124336246774,5,2,"SIS",453,2025
104,6,42.3333333333333,0.533333333333333,0.351204351204351,0.000204494779418153,5,3,"mutualistic",453,2025
104,6,42.3333333333333,0.533333333333333,0.351204351204351,0.000204494779418153,5,1,"doublewell",453,2025
104,6,42.3333333333333,0.533333333333333,0.351204351204351,0.000204494779418153,5,1,"genereg",453,2025
105,6,42.3333333333333,0.533333333333333,0.351204351204351,0.000204494779418153,5,3,"genereg",453,2025
105,6,42.3333333333333,0.533333333333333,0.351204351204351,0.000204494779418153,5,3,"doublewell",453,2025
105,6,42.3333333333333,0.533333333333333,0.351204351204351,0.000204494779418153,5,1,"mutualistic",453,2025
106,6,42.3333333333333,0.533333333333333,0.351204351204351,0.000204771791926433,5,1,"mutualistic",453,2025
106,6,42.3333333333333,0.533333333333333,0.351204351204351,0.000204771791926433,5,4,"SIS",453,2025
107,6,42.3333333333333,0.533333333333333,0.351204351204351,0.000204494779418153,5,1,"genereg",453,2025
107,6,42.3333333333333,0.533333333333333,0.351204351204351,0.000204494779418153,5,2,"doublewell",453,2025
108,9,58.5555555555556,0.5,0.396491228070175,0.000885690598935933,7,1,"genereg",453,2025
108,9,58.5555555555556,0.5,0.396491228070175,0.000885690598935933,7,1,"mutualistic",453,2025
109,8,47.875,0.607142857142857,0.369582992641047,0.000127567402764723,7,1,"SIS",453,2025
109,8,47.875,0.607142857142857,0.369582992641047,0.000127567402764723,7,1,"genereg",453,2025
110,6,59.3333333333333,0.666666666666667,0.375727348295927,0.000204955227585595,5,2,"doublewell",453,2025
110,6,59.3333333333333,0.666666666666667,0.375727348295927,0.000204955227585595,5,3,"SIS",453,2025
110,6,59.3333333333333,0.666666666666667,0.375727348295927,0.000204955227585595,5,2,"genereg",453,2025
110,6,59.3333333333333,0.666666666666667,0.375727348295927,0.000204955227585595,5,2,"mutualistic",453,2025
111,5,74.2,0.7,0.414298808432631,6.6875453154754e-05,4,6,"doublewell",453,2025
111,5,74.2,0.7,0.414298808432631,6.6875453154754e-05,4,2,"SIS",453,2025
111,5,74.2,0.7,0.414298808432631,6.6875453154754e-05,4,2,"mutualistic",453,2025
112,5,74.8,0.7,0.414298808432631,6.49753480238342e-05,5,1,"SIS",453,2025
112,5,74.8,0.7,0.414298808432631,6.49753480238342e-05,5,2,"mutualistic",453,2025
112,5,74.8,0.7,0.414298808432631,6.49753480238342e-05,5,1,"doublewell",453,2025
112,5,74.8,0.7,0.414298808432631,6.49753480238342e-05,5,2,"genereg",453,2025
113,3,81,0.666666666666667,0.396839332748025,8.17586615126006e-06,2,1,"SIS",453,2025
113,3,81,0.666666666666667,0.396839332748025,8.17586615126006e-06,2,2,"genereg",453,2025
113,3,81,0.666666666666667,0.396839332748025,8.17586615126006e-06,2,1,"doublewell",453,2025
114,4,43,0.833333333333333,0.353954581049334,1.77580608525973e-05,4,2,"SIS",453,2025
114,4,43,0.833333333333333,0.353954581049334,1.77580608525973e-05,4,4,"doublewell",453,2025
114,4,43,0.833333333333333,0.353954581049334,1.77580608525973e-05,4,1,"mutualistic",453,2025
114,4,43,0.833333333333333,0.353954581049334,1.77580608525973e-05,4,2,"genereg",453,2025
115,4,64.5,0.5,0.398589065255732,0.00117243361447249,3,1,"mutualistic",453,2025
115,4,64.5,0.5,0.398589065255732,0.00117243361447249,3,4,"genereg",453,2025
115,4,64.5,0.5,0.398589065255732,0.00117243361447249,3,2,"SIS",453,2025
116,7,70.8571428571429,0.714285714285714,0.419294990723562,0.000384191411693204,5,1,"doublewell",453,2025
116,7,70.8571428571429,0.714285714285714,0.419294990723562,0.000384191411693204,5,1,"genereg",453,2025
116,7,70.8571428571429,0.714285714285714,0.419294990723562,0.000384191411693204,5,1,"mutualistic",453,2025
117,5,79.8,0.7,0.409049773755656,9.3252301226714e-05,4,1,"mutualistic",453,2025
118,4,76.25,1,0.401777777777778,0,4,4,"doublewell",453,2025
118,4,76.25,1,0.401777777777778,0,4,1,"SIS",453,2025
119,5,23.4,0.4,0.348765432098765,0.000273760575895265,4,3,"genereg",453,2025
119,5,23.4,0.4,0.348765432098765,0.000273760575895265,4,1,"mutualistic",453,2025
119,5,23.4,0.4,0.348765432098765,0.000273760575895265,4,1,"SIS",453,2025
120,3,12,0.333333333333333,0.309377138945927,3.13953260208386e-05,3,2,"mutualistic",453,2025
120,3,12,0.333333333333333,0.309377138945927,3.13953260208386e-05,3,1,"genereg",453,2025
120,3,12,0.333333333333333,0.309377138945927,3.13953260208386e-05,3,2,"SIS",453,2025
121,4,41.75,0.833333333333333,0.32992700729927,1.67530930044911e-05,4,2,"SIS",453,2025
121,4,41.75,0.833333333333333,0.32992700729927,1.67530930044911e-05,4,1,"genereg",453,2025
121,4,41.75,0.833333333333333,0.32992700729927,1.67530930044911e-05,4,1,"mutualistic",453,2025
122,7,69.2857142857143,0.571428571428571,0.388650042992261,0.000277303786066143,7,1,"doublewell",453,2025
122,7,69.2857142857143,0.571428571428571,0.388650042992261,0.000277303786066143,7,4,"SIS",453,2025
122,7,69.2857142857143,0.571428571428571,0.388650042992261,0.000277303786066143,7,2,"mutualistic",453,2025
124,8,17.875,0.25,0.34689178818112,0.000363030929271554,6,1,"genereg",453,2025
124,8,17.875,0.25,0.34689178818112,0.000363030929271554,6,1,"SIS",453,2025
124,8,17.875,0.25,0.34689178818112,0.000363030929271554,6,1,"mutualistic",453,2025
125,10,71.2,0.8,0.436714975845411,0.000293708763386565,7,2,"genereg",453,2025
125,10,71.2,0.8,0.436714975845411,0.000293708763386565,7,2,"SIS",453,2025
125,10,71.2,0.8,0.436714975845411,0.000293708763386565,7,3,"mutualistic",453,2025
126,4,68.5,1,0.374792703150912,0,4,3,"mutualistic",453,2025
126,4,68.5,1,0.374792703150912,0,4,7,"SIS",453,2025
126,4,68.5,1,0.374792703150912,0,4,2,"genereg",453,2025
127,10,40.3,0.444444444444444,0.409420289855072,0.00148510388086056,7,1,"mutualistic",453,2025
128,23,41.4782608695652,0.316205533596838,0.451548451548452,0.00770930228859116,9,4,"doublewell",453,2025
128,23,41.4782608695652,0.316205533596838,0.451548451548452,0.00770930228859116,9,2,"mutualistic",453,2025
128,23,41.4782608695652,0.316205533596838,0.451548451548452,0.00770930228859116,9,5,"genereg",453,2025
129,5,73.2,0.6,0.406840684068407,0.000294524619896821,4,1,"SIS",453,2025
129,5,73.2,0.6,0.406840684068407,0.000294524619896821,4,3,"mutualistic",453,2025
129,5,73.2,0.6,0.406840684068407,0.000294524619896821,4,1,"genereg",453,2025
130,5,74.2,0.7,0.406840684068407,4.22161619272989e-05,5,1,"genereg",453,2025
130,5,74.2,0.7,0.406840684068407,4.22161619272989e-05,5,2,"doublewell",453,2025
130,5,74.2,0.7,0.406840684068407,4.22161619272989e-05,5,1,"SIS",453,2025
131,3,29.3333333333333,1,0.335560504825538,0,3,3,"SIS",453,2025
131,3,29.3333333333333,1,0.335560504825538,0,3,1,"genereg",453,2025
132,5,58.6,0.5,0.401064773735581,0.000404416301821828,5,2,"mutualistic",453,2025
133,4,68.5,1,0.374792703150912,0,4,2,"SIS",453,2025
134,3,13,1,0.316083916083916,0,3,3,"genereg",453,2025
134,3,13,1,0.316083916083916,0,3,1,"SIS",453,2025
135,17,37.5882352941176,0.330882352941176,0.444007858546169,0.00438082103904439,8,1,"SIS",453,2025
135,17,37.5882352941176,0.330882352941176,0.444007858546169,0.00438082103904439,8,2,"doublewell",453,2025
136,10,77.2,0.733333333333333,0.442703232125367,0.000256380397354519,8,6,"SIS",453,2025
136,10,77.2,0.733333333333333,0.442703232125367,0.000256380397354519,8,1,"doublewell",453,2025
136,10,77.2,0.733333333333333,0.442703232125367,0.000256380397354519,8,1,"mutualistic",453,2025
137,5,65.6,0.6,0.406840684068407,8.51683216830481e-05,4,1,"SIS",453,2025
137,5,65.6,0.6,0.406840684068407,8.51683216830481e-05,4,2,"doublewell",453,2025
137,5,65.6,0.6,0.406840684068407,8.51683216830481e-05,4,2,"mutualistic",453,2025
137,5,65.6,0.6,0.406840684068407,8.51683216830481e-05,4,1,"genereg",453,2025
138,1,2,0,0.203787195671776,0,1,6,"genereg",453,2025
139,4,31.75,0.833333333333333,0.322396576319543,6.63413139130817e-06,3,1,"doublewell",453,2025
139,4,31.75,0.833333333333333,0.322396576319543,6.63413139130817e-06,3,1,"genereg",453,2025
140,6,71.6666666666667,0.8,0.420074349442379,0.000341244367748715,5,1,"doublewell",453,2025
140,6,71.6666666666667,0.8,0.420074349442379,0.000341244367748715,5,1,"mutualistic",453,2025
140,6,71.6666666666667,0.8,0.420074349442379,0.000341244367748715,5,1,"genereg",453,2025
140,6,71.6666666666667,0.8,0.420074349442379,0.000341244367748715,5,4,"SIS",453,2025
141,6,61.1666666666667,0.533333333333333,0.406474820143885,0.000680653986071138,4,1,"mutualistic",453,2025
141,6,61.1666666666667,0.533333333333333,0.406474820143885,0.000680653986071138,4,2,"SIS",453,2025
141,6,61.1666666666667,0.533333333333333,0.406474820143885,0.000680653986071138,4,4,"doublewell",453,2025
142,3,40.6666666666667,1,0.321708185053381,0,3,1,"doublewell",453,2025
142,3,40.6666666666667,1,0.321708185053381,0,3,1,"genereg",453,2025
143,11,52.5454545454545,0.527272727272727,0.399293286219081,0.000733173930609289,7,1,"mutualistic",453,2025
143,11,52.5454545454545,0.527272727272727,0.399293286219081,0.000733173930609289,7,3,"SIS",453,2025
144,5,74.2,0.8,0.413919413919414,1.18666857281146e-05,4,3,"SIS",453,2025
144,5,74.2,0.8,0.413919413919414,1.18666857281146e-05,4,1,"mutualistic",453,2025
144,5,74.2,0.8,0.413919413919414,1.18666857281146e-05,4,3,"genereg",453,2025
144,5,74.2,0.8,0.413919413919414,1.18666857281146e-05,4,1,"doublewell",453,2025
148,2,119.5,1,0.396143733567046,0,2,4,"genereg",453,2025
149,10,53.2,0.4,0.436714975845411,0.0234973394176427,6,1,"genereg",453,2025
149,10,53.2,0.4,0.436714975845411,0.0234973394176427,6,1,"mutualistic",453,2025
150,7,17.1428571428571,0.476190476190476,0.347692307692308,0.000177138801372711,5,2,"mutualistic",453,2025
150,7,17.1428571428571,0.476190476190476,0.347692307692308,0.000177138801372711,5,1,"genereg",453,2025
151,3,32.6666666666667,1,0.345830145371079,0,3,1,"genereg",453,2025
151,3,32.6666666666667,1,0.345830145371079,0,3,3,"doublewell",453,2025
151,3,32.6666666666667,1,0.345830145371079,0,3,3,"mutualistic",453,2025
152,7,39.2857142857143,0.476190476190476,0.369281045751634,0.000287738900504623,5,3,"SIS",453,2025
154,16,39.375,0.366666666666667,0.411657559198543,0.0236372845434394,8,8,"doublewell",453,2025
154,16,39.375,0.366666666666667,0.411657559198543,0.0236372845434394,8,2,"SIS",453,2025
154,16,39.375,0.366666666666667,0.411657559198543,0.0236372845434394,8,1,"mutualistic",453,2025
156,3,10,1,0.310866574965612,0,3,2,"SIS",453,2025
157,11,51,0.418181818181818,0.429657794676806,0.00351775199787866,6,1,"mutualistic",453,2025
157,11,51,0.418181818181818,0.429657794676806,0.00351775199787866,6,1,"genereg",453,2025
158,7,44.4285714285714,0.428571428571429,0.368078175895765,0.00177275683206119,6,3,"doublewell",453,2025
158,7,44.4285714285714,0.428571428571429,0.368078175895765,0.00177275683206119,6,1,"mutualistic",453,2025
158,7,44.4285714285714,0.428571428571429,0.368078175895765,0.00177275683206119,6,1,"genereg",453,2025
158,7,44.4285714285714,0.428571428571429,0.368078175895765,0.00177275683206119,6,1,"SIS",453,2025
159,12,52.5,0.393939393939394,0.432950191570881,0.00376047339294207,6,3,"mutualistic",453,2025
159,12,52.5,0.393939393939394,0.432950191570881,0.00376047339294207,6,1,"SIS",453,2025
159,12,52.5,0.393939393939394,0.432950191570881,0.00376047339294207,6,1,"genereg",453,2025
160,5,74.2,0.8,0.406474820143885,0.000118998336569346,5,2,"mutualistic",453,2025
160,5,74.2,0.8,0.406474820143885,0.000118998336569346,5,1,"doublewell",453,2025
160,5,74.2,0.8,0.406474820143885,0.000118998336569346,5,2,"SIS",453,2025
160,5,74.2,0.8,0.406474820143885,0.000118998336569346,5,2,"genereg",453,2025
161,5,67.4,0.7,0.40321141837645,1.85247887420257e-05,5,1,"mutualistic",453,2025
161,5,67.4,0.7,0.40321141837645,1.85247887420257e-05,5,1,"SIS",453,2025
161,5,67.4,0.7,0.40321141837645,1.85247887420257e-05,5,4,"doublewell",453,2025
161,5,67.4,0.7,0.40321141837645,1.85247887420257e-05,5,2,"genereg",453,2025
162,6,80.5,0.666666666666667,0.423220973782772,0.000291293240090826,5,1,"mutualistic",453,2025
162,6,80.5,0.666666666666667,0.423220973782772,0.000291293240090826,5,2,"SIS",453,2025
162,6,80.5,0.666666666666667,0.423220973782772,0.000291293240090826,5,2,"doublewell",453,2025
163,4,27.75,1,0.343726235741445,0,4,1,"mutualistic",453,2025
163,4,27.75,1,0.343726235741445,0,4,1,"genereg",453,2025
164,10,41.3,0.288888888888889,0.379831932773109,0.000940543490890228,6,1,"SIS",453,2025
164,10,41.3,0.288888888888889,0.379831932773109,0.000940543490890228,6,2,"genereg",453,2025
165,3,14.6666666666667,1,0.311509303928325,0,3,1,"genereg",453,2025
165,3,14.6666666666667,1,0.311509303928325,0,3,1,"mutualistic",453,2025
165,3,14.6666666666667,1,0.311509303928325,0,3,2,"SIS",453,2025
166,6,49.3333333333333,0.466666666666667,0.404293381037567,0.00198914028552894,3,1,"mutualistic",453,2025
166,6,49.3333333333333,0.466666666666667,0.404293381037567,0.00198914028552894,3,1,"SIS",453,2025
167,9,36.8888888888889,0.305555555555556,0.371710526315789,0.00152255554096383,6,1,"doublewell",453,2025
168,6,33.8333333333333,0.466666666666667,0.353954581049334,0.000802174227931686,5,1,"mutualistic",453,2025
168,6,33.8333333333333,0.466666666666667,0.353954581049334,0.000802174227931686,5,1,"genereg",453,2025
169,5,12.2,0.8,0.319434628975265,8.11357383772665e-06,5,1,"genereg",453,2025
169,5,12.2,0.8,0.319434628975265,8.11357383772665e-06,5,1,"mutualistic",453,2025
169,5,12.2,0.8,0.319434628975265,8.11357383772665e-06,5,1,"SIS",453,2025
170,5,31.6,0.5,0.347959969207082,4.53865948222844e-05,5,3,"mutualistic",453,2025
170,5,31.6,0.5,0.347959969207082,4.53865948222844e-05,5,3,"doublewell",453,2025
170,5,31.6,0.5,0.347959969207082,4.53865948222844e-05,5,2,"genereg",453,2025
172,33,21.7878787878788,0.138257575757576,0.462167689161554,0.013689584718408,8,1,"genereg",453,2025
173,30,17.7,0.142528735632184,0.433365292425695,0.00743522204005168,7,3,"doublewell",453,2025
173,30,17.7,0.142528735632184,0.433365292425695,0.00743522204005168,7,1,"genereg",453,2025
175,24,38.875,0.315217391304348,0.464542651593011,0.0241856625813262,10,5,"SIS",453,2025
175,24,38.875,0.315217391304348,0.464542651593011,0.0241856625813262,10,2,"genereg",453,2025
176,4,31,0.5,0.322396576319543,8.93597394980751e-05,3,1,"genereg",453,2025
176,4,31,0.5,0.322396576319543,8.93597394980751e-05,3,2,"SIS",453,2025
177,4,31,0.5,0.324246771879483,9.39920890727185e-05,3,3,"genereg",453,2025
177,4,31,0.5,0.324246771879483,9.39920890727185e-05,3,1,"SIS",453,2025
178,3,83.3333333333333,0.333333333333333,0.4,0.000627426398495192,3,2,"SIS",453,2025
179,3,40.6666666666667,1,0.321937321937322,0,3,3,"SIS",453,2025
179,3,40.6666666666667,1,0.321937321937322,0,3,1,"mutualistic",453,2025
180,3,40.6666666666667,1,0.321937321937322,0,3,1,"SIS",453,2025
180,3,40.6666666666667,1,0.321937321937322,0,3,1,"genereg",453,2025
180,3,40.6666666666667,1,0.321937321937322,0,3,2,"mutualistic",453,2025
181,9,32.4444444444444,0.361111111111111,0.407207207207207,0.007047561363348,4,3,"SIS",453,2025
181,9,32.4444444444444,0.361111111111111,0.407207207207207,0.007047561363348,4,2,"genereg",453,2025
181,9,32.4444444444444,0.361111111111111,0.407207207207207,0.007047561363348,4,1,"mutualistic",453,2025
182,16,57.25,0.508333333333333,0.454728370221328,0.00106678332674226,10,4,"SIS",453,2025
182,16,57.25,0.508333333333333,0.454728370221328,0.00106678332674226,10,1,"doublewell",453,2025
182,16,57.25,0.508333333333333,0.454728370221328,0.00106678332674226,10,1,"mutualistic",453,2025
183,18,49.8888888888889,0.464052287581699,0.453360080240722,0.00157399567913422,10,3,"SIS",453,2025
183,18,49.8888888888889,0.464052287581699,0.453360080240722,0.00157399567913422,10,1,"genereg",453,2025
183,18,49.8888888888889,0.464052287581699,0.453360080240722,0.00157399567913422,10,6,"mutualistic",453,2025
183,18,49.8888888888889,0.464052287581699,0.453360080240722,0.00157399567913422,10,1,"doublewell",453,2025
184,9,69.7777777777778,0.416666666666667,0.432122370936902,0.00642615025162839,7,6,"genereg",453,2025
184,9,69.7777777777778,0.416666666666667,0.432122370936902,0.00642615025162839,7,1,"mutualistic",453,2025
184,9,69.7777777777778,0.416666666666667,0.432122370936902,0.00642615025162839,7,2,"SIS",453,2025
186,13,27.1538461538462,0.346153846153846,0.405017921146953,0.00234038634586055,7,6,"genereg",453,2025
187,15,54.6666666666667,0.485714285714286,0.44140625,0.000862234826957839,10,2,"doublewell",453,2025
187,15,54.6666666666667,0.485714285714286,0.44140625,0.000862234826957839,10,1,"SIS",453,2025
187,15,54.6666666666667,0.485714285714286,0.44140625,0.000862234826957839,10,1,"mutualistic",453,2025
188,3,15,1,0.317862165963432,0,3,2,"SIS",453,2025
189,4,91.75,1,0.413540713632205,0,4,2,"genereg",453,2025
189,4,91.75,1,0.413540713632205,0,4,3,"SIS",453,2025
189,4,91.75,1,0.413540713632205,0,4,3,"mutualistic",453,2025
189,4,91.75,1,0.413540713632205,0,4,1,"doublewell",453,2025
190,5,80.2,0.7,0.409420289855072,4.88500524263345e-05,5,5,"mutualistic",453,2025
192,12,19.9166666666667,0.348484848484849,0.357030015797788,0.0004632335265821,7,2,"mutualistic",453,2025
192,12,19.9166666666667,0.348484848484849,0.357030015797788,0.0004632335265821,7,1,"genereg",453,2025
193,3,81,1,0.396491228070175,0,3,2,"genereg",453,2025
194,5,54.6,0.5,0.400354295837024,0.000239581117407806,4,1,"SIS",453,2025
194,5,54.6,0.5,0.400354295837024,0.000239581117407806,4,1,"doublewell",453,2025
194,5,54.6,0.5,0.400354295837024,0.000239581117407806,4,2,"mutualistic",453,2025
195,7,39.4285714285714,0.619047619047619,0.37018837018837,0.000275825410685934,6,1,"doublewell",453,2025
195,7,39.4285714285714,0.619047619047619,0.37018837018837,0.000275825410685934,6,1,"genereg",453,2025
195,7,39.4285714285714,0.619047619047619,0.37018837018837,0.000275825410685934,6,1,"mutualistic",453,2025
196,8,79.5,0.964285714285714,0.438409311348206,1.22140887712267e-05,8,3,"SIS",453,2025
196,8,79.5,0.964285714285714,0.438409311348206,1.22140887712267e-05,8,4,"mutualistic",453,2025
197,24,42.3333333333333,0.402173913043478,0.455645161290323,0.00279875466663834,10,1,"SIS",453,2025
197,24,42.3333333333333,0.402173913043478,0.455645161290323,0.00279875466663834,10,1,"doublewell",453,2025
198,7,56.4285714285714,0.619047619047619,0.383375742154368,0.000133434131257272,7,2,"doublewell",453,2025
198,7,56.4285714285714,0.619047619047619,0.383375742154368,0.000133434131257272,7,1,"genereg",453,2025
199,8,48.375,0.678571428571429,0.386986301369863,0.000156416106824092,7,2,"genereg",453,2025
199,8,48.375,0.678571428571429,0.386986301369863,0.000156416106824092,7,4,"mutualistic",453,2025
200,6,58.8333333333333,0.733333333333333,0.404655326768129,2.49203619324503e-05,6,1,"SIS",453,2025
200,6,58.8333333333333,0.733333333333333,0.404655326768129,2.49203619324503e-05,6,2,"genereg",453,2025
200,6,58.8333333333333,0.733333333333333,0.404655326768129,2.49203619324503e-05,6,1,"doublewell",453,2025
200,6,58.8333333333333,0.733333333333333,0.404655326768129,2.49203619324503e-05,6,1,"mutualistic",453,2025
201,15,54.9333333333333,0.495238095238095,0.444007858546169,0.00148409397467888,9,5,"SIS",453,2025
201,15,54.9333333333333,0.495238095238095,0.444007858546169,0.00148409397467888,9,5,"mutualistic",453,2025
201,15,54.9333333333333,0.495238095238095,0.444007858546169,0.00148409397467888,9,6,"doublewell",453,2025
202,4,85.25,1,0.405017921146953,0,4,2,"mutualistic",453,2025
202,4,85.25,1,0.405017921146953,0,4,2,"doublewell",453,2025
202,4,85.25,1,0.405017921146953,0,4,1,"genereg",453,2025
203,6,66.8333333333333,0.6,0.418906394810009,0.000387540891011402,5,1,"mutualistic",453,2025
203,6,66.8333333333333,0.6,0.418906394810009,0.000387540891011402,5,4,"genereg",453,2025
203,6,66.8333333333333,0.6,0.418906394810009,0.000387540891011402,5,1,"SIS",453,2025
205,7,75.5714285714286,0.714285714285714,0.395104895104895,0.000200409924386201,7,2,"mutualistic",453,2025
205,7,75.5714285714286,0.714285714285714,0.395104895104895,0.000200409924386201,7,3,"SIS",453,2025
206,11,67.0909090909091,0.654545454545455,0.438834951456311,0.000361486469817528,8,3,"mutualistic",453,2025
206,11,67.0909090909091,0.654545454545455,0.438834951456311,0.000361486469817528,8,4,"SIS",453,2025
206,11,67.0909090909091,0.654545454545455,0.438834951456311,0.000361486469817528,8,1,"doublewell",453,2025
208,2,32.5,1,0.333333333333333,0,2,5,"genereg",453,2025
208,2,32.5,1,0.333333333333333,0,2,1,"mutualistic",453,2025
209,8,40.375,0.428571428571429,0.405017921146953,0.000798502163862439,6,1,"genereg",453,2025
209,8,40.375,0.428571428571429,0.405017921146953,0.000798502163862439,6,1,"doublewell",453,2025
209,8,40.375,0.428571428571429,0.405017921146953,0.000798502163862439,6,2,"mutualistic",453,2025
210,11,74.0909090909091,0.454545454545455,0.444007858546169,0.000810682859957871,8,5,"SIS",453,2025
210,11,74.0909090909091,0.454545454545455,0.444007858546169,0.000810682859957871,8,1,"mutualistic",453,2025
210,11,74.0909090909091,0.454545454545455,0.444007858546169,0.000810682859957871,8,1,"genereg",453,2025
210,11,74.0909090909091,0.454545454545455,0.444007858546169,0.000810682859957871,8,9,"doublewell",453,2025
211,6,26.5,0.6,0.343465045592705,0.000103794213638601,5,2,"doublewell",453,2025
211,6,26.5,0.6,0.343465045592705,0.000103794213638601,5,1,"SIS",453,2025
211,6,26.5,0.6,0.343465045592705,0.000103794213638601,5,1,"genereg",453,2025
212,8,65.625,0.678571428571429,0.420074349442379,8.86140393815063e-05,8,1,"mutualistic",453,2025
212,8,65.625,0.678571428571429,0.420074349442379,8.86140393815063e-05,8,1,"genereg",453,2025
213,8,72.25,0.607142857142857,0.43756050338819,0.00159556545448447,6,3,"mutualistic",453,2025
213,8,72.25,0.607142857142857,0.43756050338819,0.00159556545448447,6,2,"SIS",453,2025
213,8,72.25,0.607142857142857,0.43756050338819,0.00159556545448447,6,3,"doublewell",453,2025
214,11,50.2727272727273,0.418181818181818,0.433781190019194,0.00576870068615977,7,4,"mutualistic",453,2025
214,11,50.2727272727273,0.418181818181818,0.433781190019194,0.00576870068615977,7,1,"doublewell",453,2025
214,11,50.2727272727273,0.418181818181818,0.433781190019194,0.00576870068615977,7,2,"SIS",453,2025
215,6,46.1666666666667,0.4,0.342943854324734,0.00886804078526917,5,7,"genereg",453,2025
215,6,46.1666666666667,0.4,0.342943854324734,0.00886804078526917,5,1,"mutualistic",453,2025
217,23,33.9130434782609,0.245059288537549,0.452905811623247,0.00543278367143174,9,3,"genereg",453,2025
217,23,33.9130434782609,0.245059288537549,0.452905811623247,0.00543278367143174,9,1,"mutualistic",453,2025
217,23,33.9130434782609,0.245059288537549,0.452905811623247,0.00543278367143174,9,1,"SIS",453,2025
218,7,64.7142857142857,0.523809523809524,0.41735918744229,9.11963160573494e-05,6,2,"SIS",453,2025
218,7,64.7142857142857,0.523809523809524,0.41735918744229,9.11963160573494e-05,6,2,"genereg",453,2025
218,7,64.7142857142857,0.523809523809524,0.41735918744229,9.11963160573494e-05,6,3,"doublewell",453,2025
219,6,24.8333333333333,0.466666666666667,0.359300476947536,0.000190137906449757,5,1,"doublewell",453,2025
219,6,24.8333333333333,0.466666666666667,0.359300476947536,0.000190137906449757,5,2,"genereg",453,2025
220,3,36,1,0.338323353293413,0,3,1,"doublewell",453,2025
220,3,36,1,0.338323353293413,0,3,1,"SIS",453,2025
220,3,36,1,0.338323353293413,0,3,1,"mutualistic",453,2025
221,5,32.4,0.9,0.346625766871166,1.22082610268053e-05,5,1,"SIS",453,2025
221,5,32.4,0.9,0.346625766871166,1.22082610268053e-05,5,1,"genereg",453,2025
221,5,32.4,0.9,0.346625766871166,1.22082610268053e-05,5,1,"mutualistic",453,2025
223,5,60.8,1,0.401064773735581,0,5,2,"doublewell",453,2025
223,5,60.8,1,0.401064773735581,0,5,1,"mutualistic",453,2025
223,5,60.8,1,0.401064773735581,0,5,1,"SIS",453,2025
223,5,60.8,1,0.401064773735581,0,5,1,"genereg",453,2025
229,28,23.25,0.171957671957672,0.44488188976378,0.0131772407305898,7,26,"genereg",453,2025
229,28,23.25,0.171957671957672,0.44488188976378,0.0131772407305898,7,3,"doublewell",453,2025
230,4,58.5,0.833333333333333,0.356466876971609,3.27034646050403e-06,3,3,"mutualistic",453,2025
230,4,58.5,0.833333333333333,0.356466876971609,3.27034646050403e-06,3,3,"SIS",453,2025
231,4,59.5,0.833333333333333,0.357030015797788,6.63413139130817e-06,3,1,"mutualistic",453,2025
231,4,59.5,0.833333333333333,0.357030015797788,6.63413139130817e-06,3,2,"SIS",453,2025
232,21,30.952380952381,0.219047619047619,0.442270058708415,0.0173521671357732,7,5,"genereg",453,2025
232,21,30.952380952381,0.219047619047619,0.442270058708415,0.0173521671357732,7,1,"doublewell",453,2025
233,5,80.6,0.6,0.411657559198543,0.00442477876106195,4,1,"SIS",453,2025
233,5,80.6,0.6,0.411657559198543,0.00442477876106195,4,4,"doublewell",453,2025
233,5,80.6,0.6,0.411657559198543,0.00442477876106195,4,1,"genereg",453,2025
233,5,80.6,0.6,0.411657559198543,0.00442477876106195,4,4,"mutualistic",453,2025
234,5,9.4,0.7,0.321250888415067,0.000111267238615892,4,4,"SIS",453,2025
235,3,14.6666666666667,1,0.31830985915493,0,3,1,"SIS",453,2025
235,3,14.6666666666667,1,0.31830985915493,0,3,2,"genereg",453,2025
236,15,36.4666666666667,0.295238095238095,0.431297709923664,0.010412845890348,7,1,"mutualistic",453,2025
236,15,36.4666666666667,0.295238095238095,0.431297709923664,0.010412845890348,7,5,"genereg",453,2025
236,15,36.4666666666667,0.295238095238095,0.431297709923664,0.010412845890348,7,1,"SIS",453,2025
237,9,38,0.361111111111111,0.386655260906758,0.00364489831417621,5,1,"mutualistic",453,2025
237,9,38,0.361111111111111,0.386655260906758,0.00364489831417621,5,1,"genereg",453,2025
237,9,38,0.361111111111111,0.386655260906758,0.00364489831417621,5,1,"SIS",453,2025
237,9,38,0.361111111111111,0.386655260906758,0.00364489831417621,5,2,"doublewell",453,2025
238,12,52.4166666666667,0.560606060606061,0.41016333938294,0.00131018828900122,8,1,"mutualistic",453,2025
238,12,52.4166666666667,0.560606060606061,0.41016333938294,0.00131018828900122,8,1,"SIS",453,2025
238,12,52.4166666666667,0.560606060606061,0.41016333938294,0.00131018828900122,8,1,"genereg",453,2025
238,12,52.4166666666667,0.560606060606061,0.41016333938294,0.00131018828900122,8,1,"doublewell",453,2025
239,12,61.5,0.545454545454545,0.448857994041708,0.00099679509958877,10,1,"genereg",453,2025
239,12,61.5,0.545454545454545,0.448857994041708,0.00099679509958877,10,3,"doublewell",453,2025
239,12,61.5,0.545454545454545,0.448857994041708,0.00099679509958877,10,6,"SIS",453,2025
240,3,84,1,0.396491228070175,0,3,1,"mutualistic",453,2025
240,3,84,1,0.396491228070175,0,3,5,"SIS",453,2025
240,3,84,1,0.396491228070175,0,3,1,"genereg",453,2025
241,8,51.25,0.821428571428571,0.380791912384162,1.71826775823806e-05,7,3,"SIS",453,2025
241,8,51.25,0.821428571428571,0.380791912384162,1.71826775823806e-05,7,1,"mutualistic",453,2025
241,8,51.25,0.821428571428571,0.380791912384162,1.71826775823806e-05,7,1,"genereg",453,2025
242,6,11.3333333333333,0.4,0.324946081955428,0.000445904261554011,4,1,"genereg",453,2025
243,4,23,0.5,0.340874811463047,7.6852111250481e-05,4,1,"SIS",453,2025
243,4,23,0.5,0.340874811463047,7.6852111250481e-05,4,1,"genereg",453,2025
243,4,23,0.5,0.340874811463047,7.6852111250481e-05,4,6,"mutualistic",453,2025
244,3,81.6666666666667,1,0.396491228070175,0,3,1,"doublewell",453,2025
244,3,81.6666666666667,1,0.396491228070175,0,3,2,"SIS",453,2025
244,3,81.6666666666667,1,0.396491228070175,0,3,1,"genereg",453,2025
245,3,81.6666666666667,1,0.396491228070175,0,3,2,"doublewell",453,2025
245,3,81.6666666666667,1,0.396491228070175,0,3,2,"SIS",453,2025
246,3,81.6666666666667,1,0.396491228070175,0,3,2,"doublewell",453,2025
246,3,81.6666666666667,1,0.396491228070175,0,3,1,"mutualistic",453,2025
246,3,81.6666666666667,1,0.396491228070175,0,3,2,"SIS",453,2025
247,3,81.6666666666667,1,0.396491228070175,0,3,1,"SIS",453,2025
247,3,81.6666666666667,1,0.396491228070175,0,3,1,"genereg",453,2025
248,3,81.6666666666667,1,0.396491228070175,0,3,4,"SIS",453,2025
249,5,9.4,0.7,0.321250888415067,0.000111267238615892,4,1,"genereg",453,2025
249,5,9.4,0.7,0.321250888415067,0.000111267238615892,4,1,"doublewell",453,2025
250,3,77.6666666666667,1,0.356466876971609,0,3,4,"SIS",453,2025
250,3,77.6666666666667,1,0.356466876971609,0,3,1,"genereg",453,2025
250,3,77.6666666666667,1,0.356466876971609,0,3,3,"mutualistic",453,2025
251,6,82.1666666666667,0.6,0.423617619493908,0.000502341688350052,5,1,"genereg",453,2025
251,6,82.1666666666667,0.6,0.423617619493908,0.000502341688350052,5,3,"SIS",453,2025
251,6,82.1666666666667,0.6,0.423617619493908,0.000502341688350052,5,1,"doublewell",453,2025
251,6,82.1666666666667,0.6,0.423617619493908,0.000502341688350052,5,2,"mutualistic",453,2025
252,5,77.4,0.7,0.413540713632205,5.83370327585867e-05,5,3,"genereg",453,2025
252,5,77.4,0.7,0.413540713632205,5.83370327585867e-05,5,2,"doublewell",453,2025
253,3,42.6666666666667,1,0.344249809596344,0,3,1,"genereg",453,2025
253,3,42.6666666666667,1,0.344249809596344,0,3,2,"mutualistic",453,2025
254,3,25.3333333333333,1,0.331378299120235,0,3,3,"SIS",453,2025
255,2,33,1,0.335560504825538,0,2,4,"genereg",453,2025
255,2,33,1,0.335560504825538,0,2,2,"SIS",453,2025
256,4,33.5,0.666666666666667,0.355625491738788,1.38211070652253e-05,4,1,"mutualistic",453,2025
256,4,33.5,0.666666666666667,0.355625491738788,1.38211070652253e-05,4,2,"genereg",453,2025
256,4,33.5,0.666666666666667,0.355625491738788,1.38211070652253e-05,4,2,"SIS",453,2025
257,6,27.1666666666667,0.666666666666667,0.344249809596344,6.28013561869949e-05,6,2,"mutualistic",453,2025
257,6,27.1666666666667,0.666666666666667,0.344249809596344,6.28013561869949e-05,6,1,"doublewell",453,2025
258,6,79.3333333333333,0.6,0.422429906542056,0.000235805293045144,6,1,"mutualistic",453,2025
258,6,79.3333333333333,0.6,0.422429906542056,0.000235805293045144,6,1,"doublewell",453,2025
258,6,79.3333333333333,0.6,0.422429906542056,0.000235805293045144,6,2,"SIS",453,2025
259,6,25.1666666666667,0.466666666666667,0.35202492211838,0.000313726180748129,5,1,"SIS",453,2025
259,6,25.1666666666667,0.466666666666667,0.35202492211838,0.000313726180748129,5,3,"mutualistic",453,2025
259,6,25.1666666666667,0.466666666666667,0.35202492211838,0.000313726180748129,5,3,"doublewell",453,2025
260,6,35.3333333333333,0.466666666666667,0.356466876971609,0.000273176404546917,5,1,"SIS",453,2025
260,6,35.3333333333333,0.466666666666667,0.356466876971609,0.000273176404546917,5,2,"mutualistic",453,2025
260,6,35.3333333333333,0.466666666666667,0.356466876971609,0.000273176404546917,5,1,"genereg",453,2025
261,10,31.3,0.444444444444444,0.400354295837024,0.000920670040689017,7,4,"doublewell",453,2025
261,10,31.3,0.444444444444444,0.400354295837024,0.000920670040689017,7,1,"genereg",453,2025
262,12,49.4166666666667,0.409090909090909,0.438409311348206,0.00350988350963203,7,4,"doublewell",453,2025
262,12,49.4166666666667,0.409090909090909,0.438409311348206,0.00350988350963203,7,2,"genereg",453,2025
262,12,49.4166666666667,0.409090909090909,0.438409311348206,0.00350988350963203,7,1,"mutualistic",453,2025
264,4,24.5,1,0.337061894108874,0,4,1,"doublewell",453,2025
264,4,24.5,1,0.337061894108874,0,4,2,"mutualistic",453,2025
264,4,24.5,1,0.337061894108874,0,4,1,"genereg",453,2025
264,4,24.5,1,0.337061894108874,0,4,2,"SIS",453,2025
265,6,26.5,0.533333333333333,0.352299298519096,0.000227394752921746,5,1,"SIS",453,2025
265,6,26.5,0.533333333333333,0.352299298519096,0.000227394752921746,5,2,"doublewell",453,2025
266,6,30.3333333333333,0.466666666666667,0.355905511811024,0.000413479551742167,5,1,"SIS",453,2025
267,3,24.3333333333333,1,0.339084771192798,0,3,2,"SIS",453,2025
268,3,84,0.666666666666667,0.396491228070175,4.90551969075604e-06,3,1,"genereg",453,2025
268,3,84,0.666666666666667,0.396491228070175,4.90551969075604e-06,3,2,"mutualistic",453,2025
268,3,84,0.666666666666667,0.396491228070175,4.90551969075604e-06,3,3,"doublewell",453,2025
268,3,84,0.666666666666667,0.396491228070175,4.90551969075604e-06,3,3,"SIS",453,2025
269,6,27.8333333333333,0.4,0.336059479553903,0.000100650376805886,5,1,"doublewell",453,2025
269,6,27.8333333333333,0.4,0.336059479553903,0.000100650376805886,5,2,"genereg",453,2025
269,6,27.8333333333333,0.4,0.336059479553903,0.000100650376805886,5,2,"mutualistic",453,2025
270,3,25.6666666666667,1,0.334319526627219,0,3,1,"SIS",453,2025
270,3,25.6666666666667,1,0.334319526627219,0,3,1,"genereg",453,2025
271,9,39.2222222222222,0.5,0.378876781223806,0.000832478526430259,6,2,"genereg",453,2025
272,3,116.333333333333,1,0.412032816773017,0,3,4,"SIS",453,2025
272,3,116.333333333333,1,0.412032816773017,0,3,3,"genereg",453,2025
272,3,116.333333333333,1,0.412032816773017,0,3,2,"mutualistic",453,2025
273,3,116.333333333333,1,0.412032816773017,0,3,1,"SIS",453,2025
273,3,116.333333333333,1,0.412032816773017,0,3,3,"mutualistic",453,2025
273,3,116.333333333333,1,0.412032816773017,0,3,2,"genereg",453,2025
274,19,48.4210526315789,0.245614035087719,0.461224489795918,0.0070681404645949,8,1,"genereg",453,2025
274,19,48.4210526315789,0.245614035087719,0.461224489795918,0.0070681404645949,8,13,"doublewell",453,2025
275,7,54.8571428571429,0.571428571428571,0.416589861751152,0.000554327374052636,5,1,"genereg",453,2025
275,7,54.8571428571429,0.571428571428571,0.416589861751152,0.000554327374052636,5,1,"mutualistic",453,2025
276,5,62.2,0.6,0.402852049910873,0.00033318817524329,5,1,"genereg",453,2025
276,5,62.2,0.6,0.402852049910873,0.00033318817524329,5,1,"doublewell",453,2025
276,5,62.2,0.6,0.402852049910873,0.00033318817524329,5,2,"mutualistic",453,2025
277,5,62.2,0.6,0.402852049910873,0.00033318817524329,5,1,"genereg",453,2025
277,5,62.2,0.6,0.402852049910873,0.00033318817524329,5,3,"mutualistic",453,2025
278,5,63.6,0.6,0.40321141837645,0.000130332763660805,5,1,"doublewell",453,2025
278,5,63.6,0.6,0.40321141837645,0.000130332763660805,5,1,"genereg",453,2025
278,5,63.6,0.6,0.40321141837645,0.000130332763660805,5,2,"SIS",453,2025
279,5,62.2,0.6,0.402852049910873,0.00033318817524329,5,1,"doublewell",453,2025
279,5,62.2,0.6,0.402852049910873,0.00033318817524329,5,1,"mutualistic",453,2025
279,5,62.2,0.6,0.402852049910873,0.00033318817524329,5,1,"genereg",453,2025
280,5,62.2,0.6,0.402852049910873,0.00033318817524329,5,2,"SIS",453,2025
281,10,55.9,0.377777777777778,0.418518518518519,0.00259474603448485,7,1,"mutualistic",453,2025
281,10,55.9,0.377777777777778,0.418518518518519,0.00259474603448485,7,1,"SIS",453,2025
281,10,55.9,0.377777777777778,0.418518518518519,0.00259474603448485,7,4,"genereg",453,2025
282,3,106.333333333333,1,0.4,0,3,1,"genereg",453,2025
282,3,106.333333333333,1,0.4,0,3,1,"doublewell",453,2025
282,3,106.333333333333,1,0.4,0,3,3,"SIS",453,2025
283,21,51.9047619047619,0.371428571428571,0.470833333333333,0.00358293909217617,10,2,"doublewell",453,2025
283,21,51.9047619047619,0.371428571428571,0.470833333333333,0.00358293909217617,10,1,"SIS",453,2025
283,21,51.9047619047619,0.371428571428571,0.470833333333333,0.00358293909217617,10,1,"mutualistic",453,2025
284,3,85.3333333333333,1,0.397887323943662,0,3,2,"SIS",453,2025
284,3,85.3333333333333,1,0.397887323943662,0,3,1,"mutualistic",453,2025
285,7,70.2857142857143,0.666666666666667,0.418131359851989,7.98534737159221e-05,6,1,"doublewell",453,2025
285,7,70.2857142857143,0.666666666666667,0.418131359851989,7.98534737159221e-05,6,2,"genereg",453,2025
285,7,70.2857142857143,0.666666666666667,0.418131359851989,7.98534737159221e-05,6,2,"SIS",453,2025
285,7,70.2857142857143,0.666666666666667,0.418131359851989,7.98534737159221e-05,6,2,"mutualistic",453,2025
286,36,25.1388888888889,0.147619047619048,0.465979381443299,0.0159775525743468,10,6,"genereg",453,2025
287,9,55.4444444444444,0.5,0.425612052730697,0.000709970411622281,6,1,"mutualistic",453,2025
287,9,55.4444444444444,0.5,0.425612052730697,0.000709970411622281,6,1,"doublewell",453,2025
287,9,55.4444444444444,0.5,0.425612052730697,0.000709970411622281,6,1,"SIS",453,2025
288,13,56,0.435897435897436,0.434197886647454,0.00152893081084374,7,3,"SIS",453,2025
288,13,56,0.435897435897436,0.434197886647454,0.00152893081084374,7,5,"mutualistic",453,2025
289,4,8,1,0.303967720242098,0,4,2,"genereg",453,2025
289,4,8,1,0.303967720242098,0,4,3,"SIS",453,2025
290,8,60,0.857142857142857,0.42046511627907,3.53549843387775e-05,8,2,"SIS",453,2025
290,8,60,0.857142857142857,0.42046511627907,3.53549843387775e-05,8,2,"genereg",453,2025
291,5,60.6,0.6,0.366585563665856,8.97358204542735e-05,4,1,"mutualistic",453,2025
291,5,60.6,0.6,0.366585563665856,8.97358204542735e-05,4,1,"SIS",453,2025
291,5,60.6,0.6,0.366585563665856,8.97358204542735e-05,4,3,"doublewell",453,2025
291,5,60.6,0.6,0.366585563665856,8.97358204542735e-05,4,1,"genereg",453,2025
292,8,35.125,0.607142857142857,0.371710526315789,0.000436551311909431,6,1,"mutualistic",453,2025
292,8,35.125,0.607142857142857,0.371710526315789,0.000436551311909431,6,1,"genereg",453,2025
293,3,89.3333333333333,1,0.398940864960282,0,3,3,"genereg",453,2025
293,3,89.3333333333333,1,0.398940864960282,0,3,2,"mutualistic",453,2025
294,10,71.6,0.711111111111111,0.447082096933729,0.000635417641855559,8,1,"genereg",453,2025
294,10,71.6,0.711111111111111,0.447082096933729,0.000635417641855559,8,2,"SIS",453,2025
294,10,71.6,0.711111111111111,0.447082096933729,0.000635417641855559,8,3,"mutualistic",453,2025
295,3,86.6666666666667,1,0.398237885462555,0,3,3,"SIS",453,2025
295,3,86.6666666666667,1,0.398237885462555,0,3,3,"genereg",453,2025
295,3,86.6666666666667,1,0.398237885462555,0,3,3,"doublewell",453,2025
296,4,95,0.666666666666667,0.412408759124088,3.81592469450904e-06,4,3,"genereg",453,2025
296,4,95,0.666666666666667,0.412408759124088,3.81592469450904e-06,4,1,"mutualistic",453,2025
296,4,95,0.666666666666667,0.412408759124088,3.81592469450904e-06,4,2,"doublewell",453,2025
296,4,95,0.666666666666667,0.412408759124088,3.81592469450904e-06,4,1,"SIS",453,2025
297,12,69.6666666666667,0.696969696969697,0.447524752475248,0.000440879010138916,9,2,"genereg",453,2025
297,12,69.6666666666667,0.696969696969697,0.447524752475248,0.000440879010138916,9,6,"SIS",453,2025
297,12,69.6666666666667,0.696969696969697,0.447524752475248,0.000440879010138916,9,4,"mutualistic",453,2025
297,12,69.6666666666667,0.696969696969697,0.447524752475248,0.000440879010138916,9,2,"doublewell",453,2025
298,6,43.8333333333333,0.733333333333333,0.397537379067722,1.38989724571421e-05,4,3,"doublewell",453,2025
298,6,43.8333333333333,0.733333333333333,0.397537379067722,1.38989724571421e-05,4,2,"genereg",453,2025
298,6,43.8333333333333,0.733333333333333,0.397537379067722,1.38989724571421e-05,4,3,"SIS",453,2025
299,3,81.6666666666667,1,0.396491228070175,0,3,2,"genereg",453,2025
299,3,81.6666666666667,1,0.396491228070175,0,3,1,"doublewell",453,2025
301,3,82.6666666666667,1,0.396839332748025,0,3,6,"SIS",453,2025
302,9,35.4444444444444,0.444444444444444,0.376353039134055,0.000752378875550073,6,1,"SIS",453,2025
302,9,35.4444444444444,0.444444444444444,0.376353039134055,0.000752378875550073,6,2,"doublewell",453,2025
302,9,35.4444444444444,0.444444444444444,0.376353039134055,0.000752378875550073,6,1,"mutualistic",453,2025
303,5,69.6,0.7,0.408310749774164,8.39275666110821e-05,4,3,"mutualistic",453,2025
303,5,69.6,0.7,0.408310749774164,8.39275666110821e-05,4,1,"SIS",453,2025
303,5,69.6,0.7,0.408310749774164,8.39275666110821e-05,4,6,"doublewell",453,2025
303,5,69.6,0.7,0.408310749774164,8.39275666110821e-05,4,3,"genereg",453,2025
304,6,90.1666666666667,0.8,0.426817752596789,0.000229688189570555,5,1,"mutualistic",453,2025
304,6,90.1666666666667,0.8,0.426817752596789,0.000229688189570555,5,3,"SIS",453,2025
304,6,90.1666666666667,0.8,0.426817752596789,0.000229688189570555,5,2,"doublewell",453,2025
304,6,90.1666666666667,0.8,0.426817752596789,0.000229688189570555,5,1,"genereg",453,2025
305,3,103,1,0.400354295837024,0,3,2,"genereg",453,2025
305,3,103,1,0.400354295837024,0,3,1,"mutualistic",453,2025
305,3,103,1,0.400354295837024,0,3,2,"SIS",453,2025
306,4,58.25,0.833333333333333,0.356466876971609,3.27034646050403e-06,3,7,"genereg",453,2025
306,4,58.25,0.833333333333333,0.356466876971609,3.27034646050403e-06,3,3,"doublewell",453,2025
306,4,58.25,0.833333333333333,0.356466876971609,3.27034646050403e-06,3,2,"SIS",453,2025
307,8,62.5,0.571428571428571,0.429249762583096,0.000648033993276471,6,3,"doublewell",453,2025
307,8,62.5,0.571428571428571,0.429249762583096,0.000648033993276471,6,1,"genereg",453,2025
307,8,62.5,0.571428571428571,0.429249762583096,0.000648033993276471,6,4,"SIS",453,2025
307,8,62.5,0.571428571428571,0.429249762583096,0.000648033993276471,6,2,"mutualistic",453,2025
308,6,90.8333333333333,0.866666666666667,0.426013195098963,1.33139514464028e-05,6,4,"SIS",453,2025
308,6,90.8333333333333,0.866666666666667,0.426013195098963,1.33139514464028e-05,6,3,"doublewell",453,2025
308,6,90.8333333333333,0.866666666666667,0.426013195098963,1.33139514464028e-05,6,1,"mutualistic",453,2025
308,6,90.8333333333333,0.866666666666667,0.426013195098963,1.33139514464028e-05,6,3,"genereg",453,2025
309,4,58.25,0.833333333333333,0.356466876971609,3.27034646050403e-06,3,2,"mutualistic",453,2025
309,4,58.25,0.833333333333333,0.356466876971609,3.27034646050403e-06,3,2,"genereg",453,2025
309,4,58.25,0.833333333333333,0.356466876971609,3.27034646050403e-06,3,2,"doublewell",453,2025
310,4,59.25,0.833333333333333,0.356748224151539,3.92441575260483e-06,3,2,"genereg",453,2025
310,4,59.25,0.833333333333333,0.356748224151539,3.92441575260483e-06,3,4,"SIS",453,2025
311,3,81,0.333333333333333,0.397188049209139,0.000541159752796793,2,3,"genereg",453,2025
311,3,81,0.333333333333333,0.397188049209139,0.000541159752796793,2,2,"doublewell",453,2025
312,7,38.7142857142857,0.571428571428571,0.362469927826784,0.000110742987784185,5,1,"mutualistic",453,2025
312,7,38.7142857142857,0.571428571428571,0.362469927826784,0.000110742987784185,5,2,"genereg",453,2025
313,11,48.7272727272727,0.472727272727273,0.428436018957346,0.000730794234764501,6,2,"genereg",453,2025
314,12,54,0.5,0.436293436293436,0.000773629599474277,7,1,"mutualistic",453,2025
314,12,54,0.5,0.436293436293436,0.000773629599474277,7,1,"doublewell",453,2025
315,6,91.6666666666667,0.866666666666667,0.430886558627264,2.43693844441397e-05,6,1,"SIS",453,2025
315,6,91.6666666666667,0.866666666666667,0.430886558627264,2.43693844441397e-05,6,3,"doublewell",453,2025
315,6,91.6666666666667,0.866666666666667,0.430886558627264,2.43693844441397e-05,6,1,"genereg",453,2025
315,6,91.6666666666667,0.866666666666667,0.430886558627264,2.43693844441397e-05,6,1,"mutualistic",453,2025
316,3,100.333333333333,1,0.399646330680813,0,3,4,"mutualistic",453,2025
316,3,100.333333333333,1,0.399646330680813,0,3,1,"SIS",453,2025
316,3,100.333333333333,1,0.399646330680813,0,3,1,"genereg",453,2025
317,3,102.333333333333,1,0.4,0,3,3,"SIS",453,2025
317,3,102.333333333333,1,0.4,0,3,3,"genereg",453,2025
317,3,102.333333333333,1,0.4,0,3,1,"mutualistic",453,2025
317,3,102.333333333333,1,0.4,0,3,1,"doublewell",453,2025
318,3,42,1,0.354788069073783,0,3,3,"doublewell",453,2025
318,3,42,1,0.354788069073783,0,3,1,"genereg",453,2025
318,3,42,1,0.354788069073783,0,3,2,"SIS",453,2025
319,9,74.1111111111111,0.583333333333333,0.43170964660936,0.000737502752806693,6,3,"mutualistic",453,2025
319,9,74.1111111111111,0.583333333333333,0.43170964660936,0.000737502752806693,6,2,"genereg",453,2025
319,9,74.1111111111111,0.583333333333333,0.43170964660936,0.000737502752806693,6,1,"SIS",453,2025
320,9,15.2222222222222,0.333333333333333,0.336059479553903,0.000144608423784393,5,1,"doublewell",453,2025
320,9,15.2222222222222,0.333333333333333,0.336059479553903,0.000144608423784393,5,1,"mutualistic",453,2025
321,5,71.6,0.4,0.413919413919414,0.00364498152632437,4,2,"mutualistic",453,2025
321,5,71.6,0.4,0.413919413919414,0.00364498152632437,4,4,"genereg",453,2025
322,5,83.8,0.7,0.422825070159027,9.26907604862181e-05,4,1,"genereg",453,2025
322,5,83.8,0.7,0.422825070159027,9.26907604862181e-05,4,6,"mutualistic",453,2025
322,5,83.8,0.7,0.422825070159027,9.26907604862181e-05,4,5,"SIS",453,2025
323,5,77.4,0.7,0.41735918744229,3.18227535511012e-05,4,1,"mutualistic",453,2025
323,5,77.4,0.7,0.41735918744229,3.18227535511012e-05,4,1,"SIS",453,2025
323,5,77.4,0.7,0.41735918744229,3.18227535511012e-05,4,1,"doublewell",453,2025
325,8,60.375,0.607142857142857,0.391003460207612,0.000801610902574125,6,2,"SIS",453,2025
325,8,60.375,0.607142857142857,0.391003460207612,0.000801610902574125,6,1,"genereg",453,2025
326,3,25.3333333333333,1,0.338323353293413,0,3,2,"genereg",453,2025
326,3,25.3333333333333,1,0.338323353293413,0,3,9,"doublewell",453,2025
326,3,25.3333333333333,1,0.338323353293413,0,3,1,"SIS",453,2025
327,14,5.85714285714286,0.230769230769231,0.323550465282749,0.0386507573883954,4,59,"mutualistic",453,2025
328,5,6,0.7,0.245119305856833,1.14462126117641e-05,3,8,"doublewell",453,2025
328,5,6,0.7,0.245119305856833,1.14462126117641e-05,3,1,"genereg",453,2025
330,4,61.75,0.833333333333333,0.396839332748025,3.27034646050403e-06,3,1,"genereg",453,2025
330,4,61.75,0.833333333333333,0.396839332748025,3.27034646050403e-06,3,5,"doublewell",453,2025
331,4,36.25,1,0.359015091342335,0,4,3,"mutualistic",453,2025
331,4,36.25,1,0.359015091342335,0,4,1,"SIS",453,2025
331,4,36.25,1,0.359015091342335,0,4,2,"doublewell",453,2025
331,4,36.25,1,0.359015091342335,0,4,1,"genereg",453,2025
332,4,12.5,0.833333333333333,0.318983768525053,1.18550059193271e-05,3,5,"mutualistic",453,2025
332,4,12.5,0.833333333333333,0.318983768525053,1.18550059193271e-05,3,4,"doublewell",453,2025
332,4,12.5,0.833333333333333,0.318983768525053,1.18550059193271e-05,3,1,"genereg",453,2025
333,4,12.5,0.833333333333333,0.318983768525053,1.18550059193271e-05,3,1,"genereg",453,2025
333,4,12.5,0.833333333333333,0.318983768525053,1.18550059193271e-05,3,1,"mutualistic",453,2025
333,4,12.5,0.833333333333333,0.318983768525053,1.18550059193271e-05,3,4,"doublewell",453,2025
334,5,60.8,1,0.401064773735581,0,5,1,"doublewell",453,2025
335,5,81.2,1,0.38272650296359,0,5,6,"SIS",453,2025
335,5,81.2,1,0.38272650296359,0,5,2,"mutualistic",453,2025
336,15,32.6,0.238095238095238,0.416589861751152,0.00176973470584881,8,3,"genereg",453,2025
336,15,32.6,0.238095238095238,0.416589861751152,0.00176973470584881,8,1,"SIS",453,2025
337,3,25.3333333333333,1,0.338323353293413,0,3,4,"doublewell",453,2025
337,3,25.3333333333333,1,0.338323353293413,0,3,1,"SIS",453,2025
337,3,25.3333333333333,1,0.338323353293413,0,3,1,"genereg",453,2025
338,2,6,1,0.285353535353535,0,2,2,"genereg",453,2025
339,5,80.4,1,0.386655260906758,0,5,3,"SIS",453,2025
339,5,80.4,1,0.386655260906758,0,5,1,"genereg",453,2025
340,4,68.25,1,0.400354295837024,0,4,1,"genereg",453,2025
340,4,68.25,1,0.400354295837024,0,4,1,"SIS",453,2025
341,9,59.1111111111111,0.583333333333333,0.405381165919283,0.000363991472629278,7,3,"mutualistic",453,2025
342,10,62.7,0.466666666666667,0.432950191570881,0.00175669123888185,7,1,"SIS",453,2025
342,10,62.7,0.466666666666667,0.432950191570881,0.00175669123888185,7,4,"genereg",453,2025
342,10,62.7,0.466666666666667,0.432950191570881,0.00175669123888185,7,2,"mutualistic",453,2025
344,7,71.1428571428571,0.523809523809524,0.424812030075188,0.000644652480297949,4,3,"SIS",453,2025
344,7,71.1428571428571,0.523809523809524,0.424812030075188,0.000644652480297949,4,1,"mutualistic",453,2025
344,7,71.1428571428571,0.523809523809524,0.424812030075188,0.000644652480297949,4,2,"genereg",453,2025
345,21,38,0.29047619047619,0.446640316205534,0.0056065721487065,8,2,"mutualistic",453,2025
345,21,38,0.29047619047619,0.446640316205534,0.0056065721487065,8,1,"SIS",453,2025
345,21,38,0.29047619047619,0.446640316205534,0.0056065721487065,8,8,"doublewell",453,2025
345,21,38,0.29047619047619,0.446640316205534,0.0056065721487065,8,4,"genereg",453,2025
346,1,4,0,0.239915074309979,0,1,1,"genereg",453,2025
347,3,13.3333333333333,1,0.315202231520223,0,3,3,"SIS",453,2025
347,3,13.3333333333333,1,0.315202231520223,0,3,6,"doublewell",453,2025
348,8,69.375,0.571428571428571,0.427625354777673,0.000306689194032274,7,5,"genereg",453,2025
348,8,69.375,0.571428571428571,0.427625354777673,0.000306689194032274,7,2,"SIS",453,2025
348,8,69.375,0.571428571428571,0.427625354777673,0.000306689194032274,7,1,"mutualistic",453,2025
349,15,42.5333333333333,0.352380952380952,0.429657794676806,0.00177765454649768,8,6,"doublewell",453,2025
349,15,42.5333333333333,0.352380952380952,0.429657794676806,0.00177765454649768,8,1,"genereg",453,2025
350,10,47.2,0.377777777777778,0.424413145539906,0.00153698704036859,6,2,"genereg",453,2025
350,10,47.2,0.377777777777778,0.424413145539906,0.00153698704036859,6,1,"SIS",453,2025
350,10,47.2,0.377777777777778,0.424413145539906,0.00153698704036859,6,2,"mutualistic",453,2025
351,5,74.2,0.7,0.413162705667276,0.000255052071648175,5,5,"doublewell",453,2025
351,5,74.2,0.7,0.413162705667276,0.000255052071648175,5,3,"SIS",453,2025
351,5,74.2,0.7,0.413162705667276,0.000255052071648175,5,2,"mutualistic",453,2025
352,5,74,0.7,0.413162705667276,0.000185121325934845,5,1,"mutualistic",453,2025
352,5,74,0.7,0.413162705667276,0.000185121325934845,5,1,"doublewell",453,2025
352,5,74,0.7,0.413162705667276,0.000185121325934845,5,1,"genereg",453,2025
353,7,63.1428571428571,0.666666666666667,0.416206261510129,0.000236730501428667,6,2,"SIS",453,2025
353,7,63.1428571428571,0.666666666666667,0.416206261510129,0.000236730501428667,6,2,"genereg",453,2025
353,7,63.1428571428571,0.666666666666667,0.416206261510129,0.000236730501428667,6,2,"doublewell",453,2025
353,7,63.1428571428571,0.666666666666667,0.416206261510129,0.000236730501428667,6,1,"mutualistic",453,2025
354,6,23.3333333333333,0.4,0.335809806835067,0.000135347198246637,5,1,"doublewell",453,2025
354,6,23.3333333333333,0.4,0.335809806835067,0.000135347198246637,5,2,"mutualistic",453,2025
355,10,63.8,0.6,0.43170964660936,0.000404581396816341,8,2,"SIS",453,2025
355,10,63.8,0.6,0.43170964660936,0.000404581396816341,8,1,"mutualistic",453,2025
356,10,47.9,0.355555555555556,0.398589065255732,0.0106486325128507,5,6,"doublewell",453,2025
356,10,47.9,0.355555555555556,0.398589065255732,0.0106486325128507,5,2,"genereg",453,2025
356,10,47.9,0.355555555555556,0.398589065255732,0.0106486325128507,5,2,"mutualistic",453,2025
357,6,22.3333333333333,0.533333333333333,0.342683851402578,0.000159399246360429,5,2,"genereg",453,2025
357,6,22.3333333333333,0.533333333333333,0.342683851402578,0.000159399246360429,5,2,"doublewell",453,2025
357,6,22.3333333333333,0.533333333333333,0.342683851402578,0.000159399246360429,5,1,"SIS",453,2025
358,14,41.3571428571429,0.362637362637363,0.434197886647454,0.00235762809272513,7,2,"genereg",453,2025
358,14,41.3571428571429,0.362637362637363,0.434197886647454,0.00235762809272513,7,1,"mutualistic",453,2025
358,14,41.3571428571429,0.362637362637363,0.434197886647454,0.00235762809272513,7,1,"SIS",453,2025
359,3,83,1,0.397188049209139,0,3,1,"SIS",453,2025
360,9,20,0.416666666666667,0.348228043143297,0.00025253346958366,5,1,"genereg",453,2025
361,6,60,0.666666666666667,0.37603993344426,0.00239852350935496,5,7,"genereg",453,2025
361,6,60,0.666666666666667,0.37603993344426,0.00239852350935496,5,6,"mutualistic",453,2025
361,6,60,0.666666666666667,0.37603993344426,0.00239852350935496,5,2,"SIS",453,2025
362,6,40,0.4,0.36073423782921,0.000351606221537258,5,4,"doublewell",453,2025
362,6,40,0.4,0.36073423782921,0.000351606221537258,5,1,"genereg",453,2025
362,6,40,0.4,0.36073423782921,0.000351606221537258,5,6,"mutualistic",453,2025
362,6,40,0.4,0.36073423782921,0.000351606221537258,5,1,"SIS",453,2025
363,5,31.8,0.4,0.36073423782921,0.00021259974219102,5,1,"doublewell",453,2025
363,5,31.8,0.4,0.36073423782921,0.00021259974219102,5,1,"SIS",453,2025
365,15,66.6,0.523809523809524,0.458883248730964,0.00107072099301728,10,1,"doublewell",453,2025
365,15,66.6,0.523809523809524,0.458883248730964,0.00107072099301728,10,1,"SIS",453,2025
365,15,66.6,0.523809523809524,0.458883248730964,0.00107072099301728,10,1,"genereg",453,2025
366,11,29.9090909090909,0.436363636363636,0.409791477787851,0.00186636887851542,6,1,"doublewell",453,2025
367,9,76.2222222222222,0.611111111111111,0.450648055832503,0.000534453080369404,8,4,"genereg",453,2025
367,9,76.2222222222222,0.611111111111111,0.450648055832503,0.000534453080369404,8,5,"mutualistic",453,2025
367,9,76.2222222222222,0.611111111111111,0.450648055832503,0.000534453080369404,8,1,"SIS",453,2025
368,13,35.4615384615385,0.371794871794872,0.405017921146953,0.0019395862790107,8,1,"doublewell",453,2025
368,13,35.4615384615385,0.371794871794872,0.405017921146953,0.0019395862790107,8,1,"genereg",453,2025
368,13,35.4615384615385,0.371794871794872,0.405017921146953,0.0019395862790107,8,3,"mutualistic",453,2025
369,10,63.9,0.466666666666667,0.437137330754352,0.00148496377238051,6,3,"genereg",453,2025
369,10,63.9,0.466666666666667,0.437137330754352,0.00148496377238051,6,5,"SIS",453,2025
369,10,63.9,0.466666666666667,0.437137330754352,0.00148496377238051,6,1,"doublewell",453,2025
369,10,63.9,0.466666666666667,0.437137330754352,0.00148496377238051,6,1,"mutualistic",453,2025
370,3,108,1,0.412032816773017,0,3,2,"genereg",453,2025
370,3,108,1,0.412032816773017,0,3,2,"SIS",453,2025
370,3,108,1,0.412032816773017,0,3,1,"doublewell",453,2025
370,3,108,1,0.412032816773017,0,3,5,"mutualistic",453,2025
372,3,77.6666666666667,1,0.357312252964427,0,3,2,"genereg",453,2025
372,3,77.6666666666667,1,0.357312252964427,0,3,2,"SIS",453,2025
372,3,77.6666666666667,1,0.357312252964427,0,3,1,"mutualistic",453,2025
374,37,28.2702702702703,0.178678678678679,0.464542651593011,0.0253544376910457,9,6,"genereg",453,2025
374,37,28.2702702702703,0.178678678678679,0.464542651593011,0.0253544376910457,9,2,"SIS",453,2025
375,16,52.0625,0.391666666666667,0.446199407699901,0.00177030153197657,9,6,"SIS",453,2025
375,16,52.0625,0.391666666666667,0.446199407699901,0.00177030153197657,9,11,"doublewell",453,2025
376,11,39.1818181818182,0.472727272727273,0.410909090909091,0.000697127103357358,6,1,"SIS",453,2025
376,11,39.1818181818182,0.472727272727273,0.410909090909091,0.000697127103357358,6,2,"mutualistic",453,2025
376,11,39.1818181818182,0.472727272727273,0.410909090909091,0.000697127103357358,6,2,"doublewell",453,2025
377,6,46.3333333333333,0.733333333333333,0.398940864960282,0.00124285612531595,5,2,"mutualistic",453,2025
378,7,51.4285714285714,0.476190476190476,0.37603993344426,0.00047463695882264,5,5,"SIS",453,2025
379,11,51.3636363636364,0.454545454545455,0.425612052730697,0.00103020383734222,6,2,"genereg",453,2025
379,11,51.3636363636364,0.454545454545455,0.425612052730697,0.00103020383734222,6,4,"mutualistic",453,2025
380,6,79.8333333333333,0.666666666666667,0.424015009380863,0.000446599190331668,5,1,"genereg",453,2025
380,6,79.8333333333333,0.666666666666667,0.424015009380863,0.000446599190331668,5,4,"SIS",453,2025
380,6,79.8333333333333,0.666666666666667,0.424015009380863,0.000446599190331668,5,1,"mutualistic",453,2025
380,6,79.8333333333333,0.666666666666667,0.424015009380863,0.000446599190331668,5,2,"doublewell",453,2025
381,6,11,0.6,0.326118326118326,8.84167900398835e-05,5,2,"mutualistic",453,2025
381,6,11,0.6,0.326118326118326,8.84167900398835e-05,5,2,"doublewell",453,2025
381,6,11,0.6,0.326118326118326,8.84167900398835e-05,5,1,"SIS",453,2025
382,9,42.2222222222222,0.333333333333333,0.369885433715221,0.00088954397687718,7,1,"genereg",453,2025
382,9,42.2222222222222,0.333333333333333,0.369885433715221,0.00088954397687718,7,2,"mutualistic",453,2025
383,2,15,1,0.293888166449935,0,2,1,"genereg",453,2025
384,4,36.25,1,0.359015091342335,0,4,3,"doublewell",453,2025
384,4,36.25,1,0.359015091342335,0,4,3,"genereg",453,2025
384,4,36.25,1,0.359015091342335,0,4,4,"mutualistic",453,2025
385,9,74.1111111111111,0.583333333333333,0.433365292425695,0.00075173884537779,6,1,"doublewell",453,2025
385,9,74.1111111111111,0.583333333333333,0.433365292425695,0.00075173884537779,6,2,"SIS",453,2025
385,9,74.1111111111111,0.583333333333333,0.433365292425695,0.00075173884537779,6,1,"mutualistic",453,2025
386,3,7.66666666666667,1,0.244853737811484,0,3,1,"doublewell",453,2025
388,5,62.2,0.6,0.402852049910873,0.000333188175243291,5,2,"doublewell",453,2025
388,5,62.2,0.6,0.402852049910873,0.000333188175243291,5,2,"genereg",453,2025
388,5,62.2,0.6,0.402852049910873,0.000333188175243291,5,3,"SIS",453,2025
389,8,30.125,0.464285714285714,0.373553719008264,0.00242363345806468,5,2,"genereg",453,2025
389,8,30.125,0.464285714285714,0.373553719008264,0.00242363345806468,5,1,"mutualistic",453,2025
390,5,62,0.6,0.402852049910873,0.000403845205396492,4,1,"genereg",453,2025
390,5,62,0.6,0.402852049910873,0.000403845205396492,4,1,"mutualistic",453,2025
390,5,62,0.6,0.402852049910873,0.000403845205396492,4,3,"SIS",453,2025
390,5,62,0.6,0.402852049910873,0.000403845205396492,4,1,"doublewell",453,2025
391,12,55.9166666666667,0.545454545454545,0.414298808432631,0.00112868270606201,8,1,"SIS",453,2025
391,12,55.9166666666667,0.545454545454545,0.414298808432631,0.00112868270606201,8,1,"mutualistic",453,2025
392,3,81.6666666666667,1,0.396491228070175,0,3,2,"doublewell",453,2025
392,3,81.6666666666667,1,0.396491228070175,0,3,1,"mutualistic",453,2025
392,3,81.6666666666667,1,0.396491228070175,0,3,2,"SIS",453,2025
393,4,63.25,1,0.396839332748025,0,4,1,"doublewell",453,2025
395,6,41,0.533333333333333,0.369582992641047,0.00026867164153614,5,1,"SIS",453,2025
395,6,41,0.533333333333333,0.369582992641047,0.00026867164153614,5,1,"doublewell",453,2025
395,6,41,0.533333333333333,0.369582992641047,0.00026867164153614,5,2,"mutualistic",453,2025
396,3,14.6666666666667,1,0.311509303928325,0,3,2,"genereg",453,2025
396,3,14.6666666666667,1,0.311509303928325,0,3,4,"mutualistic",453,2025
397,9,69.3333333333333,0.666666666666667,0.426415094339623,0.000502358743730962,8,1,"mutualistic",453,2025
398,3,35,1,0.337313432835821,0,3,1,"genereg",453,2025
398,3,35,1,0.337313432835821,0,3,1,"mutualistic",453,2025
398,3,35,1,0.337313432835821,0,3,1,"SIS",453,2025
398,3,35,1,0.337313432835821,0,3,5,"doublewell",453,2025
399,8,38.5,0.571428571428571,0.40321141837645,0.0014022483782146,5,2,"mutualistic",453,2025
399,8,38.5,0.571428571428571,0.40321141837645,0.0014022483782146,5,1,"SIS",453,2025
400,6,59.3333333333333,0.4,0.375415282392027,0.000420388537686128,5,1,"genereg",453,2025
400,6,59.3333333333333,0.4,0.375415282392027,0.000420388537686128,5,1,"doublewell",453,2025
400,6,59.3333333333333,0.4,0.375415282392027,0.000420388537686128,5,2,"SIS",453,2025
400,6,59.3333333333333,0.4,0.375415282392027,0.000420388537686128,5,1,"mutualistic",453,2025
401,6,27.8333333333333,0.4,0.336059479553903,0.000100650376805886,5,1,"genereg",453,2025
401,6,27.8333333333333,0.4,0.336059479553903,0.000100650376805886,5,1,"mutualistic",453,2025
401,6,27.8333333333333,0.4,0.336059479553903,0.000100650376805886,5,1,"SIS",453,2025
401,6,27.8333333333333,0.4,0.336059479553903,0.000100650376805886,5,1,"doublewell",453,2025
402,6,28.1666666666667,0.4,0.336059479553903,8.3218493608644e-05,5,1,"mutualistic",453,2025
403,6,27.8333333333333,0.4,0.336059479553903,0.000100650376805886,5,1,"genereg",453,2025
403,6,27.8333333333333,0.4,0.336059479553903,0.000100650376805886,5,2,"mutualistic",453,2025
403,6,27.8333333333333,0.4,0.336059479553903,0.000100650376805886,5,1,"doublewell",453,2025
404,6,27.8333333333333,0.4,0.336059479553903,0.000100471994271677,5,1,"SIS",453,2025
404,6,27.8333333333333,0.4,0.336059479553903,0.000100471994271677,5,1,"genereg",453,2025
404,6,27.8333333333333,0.4,0.336059479553903,0.000100471994271677,5,2,"mutualistic",453,2025
405,6,27.8333333333333,0.4,0.336059479553903,0.000100650376805886,5,1,"genereg",453,2025
405,6,27.8333333333333,0.4,0.336059479553903,0.000100650376805886,5,1,"SIS",453,2025
405,6,27.8333333333333,0.4,0.336059479553903,0.000100650376805886,5,2,"doublewell",453,2025
406,4,75.75,0.5,0.4,0.00068529617117542,2,2,"mutualistic",453,2025
406,4,75.75,0.5,0.4,0.00068529617117542,2,2,"genereg",453,2025
407,2,120,1,0.396143733567046,0,2,5,"doublewell",453,2025
407,2,120,1,0.396143733567046,0,2,2,"genereg",453,2025
408,4,26,0.666666666666667,0.344774980930587,0.000347090025978848,3,1,"mutualistic",453,2025
408,4,26,0.666666666666667,0.344774980930587,0.000347090025978848,3,2,"doublewell",453,2025
408,4,26,0.666666666666667,0.344774980930587,0.000347090025978848,3,3,"genereg",453,2025
409,4,24.5,1,0.337061894108874,0,4,3,"genereg",453,2025
409,4,24.5,1,0.337061894108874,0,4,7,"mutualistic",453,2025
409,4,24.5,1,0.337061894108874,0,4,2,"SIS",453,2025
410,5,84.6,1,0.385008517887564,0,5,2,"SIS",453,2025
410,5,84.6,1,0.385008517887564,0,5,5,"mutualistic",453,2025
411,3,82.6666666666667,1,0.396839332748025,0,3,1,"genereg",453,2025
411,3,82.6666666666667,1,0.396839332748025,0,3,4,"doublewell",453,2025
411,3,82.6666666666667,1,0.396839332748025,0,3,7,"SIS",453,2025
412,2,3.5,0,0.255800792303339,0.00442477876106195,1,2,"genereg",453,2025
413,6,98.5,0.733333333333333,0.428030303030303,6.76361808424131e-05,6,4,"doublewell",453,2025
413,6,98.5,0.733333333333333,0.428030303030303,6.76361808424131e-05,6,1,"mutualistic",453,2025
413,6,98.5,0.733333333333333,0.428030303030303,6.76361808424131e-05,6,3,"SIS",453,2025
414,3,78.3333333333333,1,0.356748224151539,0,3,1,"doublewell",453,2025
414,3,78.3333333333333,1,0.356748224151539,0,3,2,"SIS",453,2025
415,3,77,1,0.35618597320725,0,3,2,"mutualistic",453,2025
415,3,77,1,0.35618597320725,0,3,1,"genereg",453,2025
415,3,77,1,0.35618597320725,0,3,3,"doublewell",453,2025
415,3,77,1,0.35618597320725,0,3,3,"SIS",453,2025
416,3,77,1,0.35618597320725,0,3,1,"mutualistic",453,2025
416,3,77,1,0.35618597320725,0,3,3,"doublewell",453,2025
417,3,77,1,0.35618597320725,0,3,1,"mutualistic",453,2025
417,3,77,1,0.35618597320725,0,3,2,"doublewell",453,2025
417,3,77,1,0.35618597320725,0,3,2,"genereg",453,2025
417,3,77,1,0.35618597320725,0,3,2,"SIS",453,2025
418,3,77,1,0.35618597320725,0,3,3,"doublewell",453,2025
418,3,77,1,0.35618597320725,0,3,2,"mutualistic",453,2025
418,3,77,1,0.35618597320725,0,3,2,"SIS",453,2025
419,3,77,1,0.35618597320725,0,3,3,"mutualistic",453,2025
419,3,77,1,0.35618597320725,0,3,2,"genereg",453,2025
419,3,77,1,0.35618597320725,0,3,1,"SIS",453,2025
420,3,50.6666666666667,1,0.359872611464968,0,3,3,"doublewell",453,2025
420,3,50.6666666666667,1,0.359872611464968,0,3,4,"SIS",453,2025
420,3,50.6666666666667,1,0.359872611464968,0,3,3,"mutualistic",453,2025
420,3,50.6666666666667,1,0.359872611464968,0,3,2,"genereg",453,2025
421,6,45.6666666666667,0.4,0.367181153533712,0.00119269436728724,4,1,"mutualistic",453,2025
421,6,45.6666666666667,0.4,0.367181153533712,0.00119269436728724,4,2,"genereg",453,2025
421,6,45.6666666666667,0.4,0.367181153533712,0.00119269436728724,4,1,"SIS",453,2025
422,3,77.3333333333333,1,0.35618597320725,0,3,2,"genereg",453,2025
423,10,52.2,0.377777777777778,0.428030303030303,0.000646489790268838,6,1,"genereg",453,2025
423,10,52.2,0.377777777777778,0.428030303030303,0.000646489790268838,6,1,"doublewell",453,2025
423,10,52.2,0.377777777777778,0.428030303030303,0.000646489790268838,6,1,"SIS",453,2025
424,3,77,1,0.35618597320725,0,3,1,"doublewell",453,2025
424,3,77,1,0.35618597320725,0,3,1,"SIS",453,2025
425,3,132.666666666667,1,0.42203548085901,0,3,1,"genereg",453,2025
425,3,132.666666666667,1,0.42203548085901,0,3,1,"mutualistic",453,2025
425,3,132.666666666667,1,0.42203548085901,0,3,4,"SIS",453,2025
426,6,72.6666666666667,0.533333333333333,0.43047619047619,0.000726581461012596,4,2,"mutualistic",453,2025
426,6,72.6666666666667,0.533333333333333,0.43047619047619,0.000726581461012596,4,4,"doublewell",453,2025
426,6,72.6666666666667,0.533333333333333,0.43047619047619,0.000726581461012596,4,2,"genereg",453,2025
426,6,72.6666666666667,0.533333333333333,0.43047619047619,0.000726581461012596,4,1,"SIS",453,2025
428,6,9.83333333333333,0.4,0.327536231884058,0.000777413702823082,4,1,"SIS",453,2025
429,5,46.4,0.6,0.356466876971609,0.000102997355081912,5,1,"doublewell",453,2025
429,5,46.4,0.6,0.356466876971609,0.000102997355081912,5,1,"mutualistic",453,2025
429,5,46.4,0.6,0.356466876971609,0.000102997355081912,5,1,"genereg",453,2025
429,5,46.4,0.6,0.356466876971609,0.000102997355081912,5,1,"SIS",453,2025
430,2,33,1,0.335560504825538,0,2,1,"SIS",453,2025
430,2,33,1,0.335560504825538,0,2,4,"genereg",453,2025
431,6,23.6666666666667,0.533333333333333,0.337565347274085,0.000131565762780817,5,2,"mutualistic",453,2025
431,6,23.6666666666667,0.533333333333333,0.337565347274085,0.000131565762780817,5,1,"doublewell",453,2025
432,3,16.6666666666667,1,0.320340184266478,0,3,1,"SIS",453,2025
432,3,16.6666666666667,1,0.320340184266478,0,3,1,"genereg",453,2025
433,1,9,0,0.301937207748831,0,1,1,"genereg",453,2025
434,3,84.3333333333333,1,0.398940864960282,0,3,1,"mutualistic",453,2025
434,3,84.3333333333333,1,0.398940864960282,0,3,1,"doublewell",453,2025
434,3,84.3333333333333,1,0.398940864960282,0,3,2,"SIS",453,2025
435,3,89.3333333333333,1,0.398940864960282,0,3,2,"SIS",453,2025
435,3,89.3333333333333,1,0.398940864960282,0,3,3,"genereg",453,2025
436,4,66.5,0.833333333333333,0.398589065255732,3.27034646050403e-06,3,3,"doublewell",453,2025
436,4,66.5,0.833333333333333,0.398589065255732,3.27034646050403e-06,3,3,"genereg",453,2025
436,4,66.5,0.833333333333333,0.398589065255732,3.27034646050403e-06,3,2,"SIS",453,2025
437,6,60.8333333333333,0.866666666666667,0.406474820143885,6.73002876872144e-06,5,2,"SIS",453,2025
437,6,60.8333333333333,0.866666666666667,0.406474820143885,6.73002876872144e-06,5,1,"genereg",453,2025
437,6,60.8333333333333,0.866666666666667,0.406474820143885,6.73002876872144e-06,5,1,"mutualistic",453,2025
438,3,100.333333333333,1,0.399646330680813,0,3,4,"mutualistic",453,2025
439,2,120,1,0.396491228070175,0,2,1,"SIS",453,2025
439,2,120,1,0.396491228070175,0,2,5,"doublewell",453,2025
440,3,86.6666666666667,1,0.397887323943662,0,3,6,"doublewell",453,2025
440,3,86.6666666666667,1,0.397887323943662,0,3,3,"genereg",453,2025
440,3,86.6666666666667,1,0.397887323943662,0,3,5,"mutualistic",453,2025
440,3,86.6666666666667,1,0.397887323943662,0,3,3,"SIS",453,2025
441,3,81,1,0.396491228070175,0,3,1,"genereg",453,2025
442,5,49.8,0.6,0.397188049209139,1.96220787630242e-05,3,4,"doublewell",453,2025
443,3,118,1,0.412032816773017,0,3,4,"SIS",453,2025
443,3,118,1,0.412032816773017,0,3,1,"genereg",453,2025
444,3,102.333333333333,1,0.405381165919283,0,3,2,"genereg",453,2025
444,3,102.333333333333,1,0.405381165919283,0,3,1,"doublewell",453,2025
444,3,102.333333333333,1,0.405381165919283,0,3,1,"mutualistic",453,2025
444,3,102.333333333333,1,0.405381165919283,0,3,1,"SIS",453,2025
445,4,68.25,1,0.400354295837024,0,4,1,"genereg",453,2025
445,4,68.25,1,0.400354295837024,0,4,2,"mutualistic",453,2025
446,3,84,1,0.396491228070175,0,3,2,"SIS",453,2025
447,3,42.6666666666667,1,0.344249809596344,0,3,2,"mutualistic",453,2025
447,3,42.6666666666667,1,0.344249809596344,0,3,3,"SIS",453,2025
447,3,42.6666666666667,1,0.344249809596344,0,3,1,"genereg",453,2025
448,3,53.3333333333333,1,0.331378299120235,0,3,5,"doublewell",453,2025
448,3,53.3333333333333,1,0.331378299120235,0,3,1,"SIS",453,2025
449,4,10,0.5,0.315422191207258,0.00442477876106195,3,13,"doublewell",453,2025
449,4,10,0.5,0.315422191207258,0.00442477876106195,3,2,"mutualistic",453,2025
449,4,10,0.5,0.315422191207258,0.00442477876106195,3,4,"genereg",453,2025
450,1,5,0,0.291801162040026,0,1,3,"genereg",453,2025
451,2,5,1,0.300932090545939,0,2,1,"genereg",453,2025
452,2,6,1,0.285353535353535,0,2,3,"genereg",453,2025
453,1,2,0,0.222331529758977,0,1,3,"genereg",453,2025
